session,source,encounter_index,first_inside,final_inside,status,accepted_index,first_raw_row,final_raw_row
mint-only-horizontal-run01,mint,0,25,26,unclean_same_source,-1,83,84
mint-only-horizontal-run01,mint,1,35,35,unclean_same_source,-1,93,93
mint-only-horizontal-run01,mint,2,47,47,accepted,0,105,105
mint-only-horizontal-run01,mint,3,99,99,accepted,1,157,157
mint-only-horizontal-run01,mint,4,112,113,accepted,2,170,171
mint-only-horizontal-run01,mint,5,127,127,accepted,3,185,185
mint-only-horizontal-run01,mint,6,141,143,unclean_same_source,-1,199,201
mint-only-horizontal-run01,mint,7,149,149,unclean_same_source,-1,207,207
mint-only-horizontal-run01,mint,8,164,175,unclean_same_source,-1,222,233
mint-only-horizontal-run01,mint,9,182,182,unclean_same_source,-1,240,240
mint-only-horizontal-run01,mint,10,203,203,accepted,4,261,261
mint-only-horizontal-run01,mint,11,217,217,accepted,5,275,275
mint-only-horizontal-run01,mint,12,229,229,accepted,6,287,287
mint-only-horizontal-run01,mint,13,254,254,ineligible_row,-1,312,312
mint-only-horizontal-run01,mint,14,314,314,accepted,7,372,372
mint-only-horizontal-run01,mint,15,343,352,accepted,8,401,410
mint-only-horizontal-run01,mint,16,387,387,unclean_same_source,-1,445,445
mint-only-horizontal-run01,mint,17,395,395,unclean_same_source,-1,453,453
mint-only-horizontal-run01,mint,18,402,403,unclean_same_source,-1,460,461
mint-only-horizontal-run01,mint,19,431,431,accepted,9,489,489
mint-only-horizontal-run01,mint,20,445,445,accepted,10,503,503
mint-only-horizontal-run01,mint,21,460,460,unclean_same_source,-1,518,518
mint-only-horizontal-run01,mint,22,467,467,unclean_same_source,-1,525,525
mint-only-horizontal-run01,mint,23,479,479,accepted,11,537,537
mint-only-horizontal-run01,mint,24,502,502,unclean_same_source,-1,560,560
mint-only-horizontal-run01,mint,25,510,510,unclean_same_source,-1,568,568
mint-only-horizontal-run01,mint,26,526,526,accepted,12,584,584
mint-only-horizontal-run01,mint,27,536,536,unclean_same_source,-1,594,594
mint-only-horizontal-run01,mint,28,542,542,unclean_same_source,-1,600,600
mint-only-horizontal-run01,mint,29,565,565,ineligible_row,-1,623,623
mint-only-horizontal-run01,mint,30,582,582,ineligible_row,-1,640,640
mint-only-horizontal-run01,mint,31,591,596,ineligible_row,-1,649,654
mint-only-horizontal-run01,mint,32,608,608,ineligible_row,-1,666,666
mint-only-horizontal-run01,mint,33,623,623,ineligible_row,-1,681,681
caret-mint-left-lavender-right-run01,mint,0,29,29,other_source_contact,-1,51,51
caret-mint-left-lavender-right-run01,mint,1,42,42,ineligible_row,-1,64,64
caret-mint-left-lavender-right-run01,mint,2,66,67,accepted,0,88,89
caret-mint-left-lavender-right-run01,mint,3,81,81,ineligible_row,-1,103,103
caret-mint-left-lavender-right-run01,mint,4,100,100,ineligible_row,-1,122,122
caret-mint-left-lavender-right-run01,mint,5,114,114,other_source_contact,-1,136,136
caret-mint-left-lavender-right-run01,mint,6,135,135,other_source_contact,-1,157,157
caret-mint-left-lavender-right-run01,mint,7,147,147,accepted,1,169,169
caret-mint-left-lavender-right-run01,mint,8,177,177,unclean_same_source,-1,199,199
caret-mint-left-lavender-right-run01,mint,9,185,190,unclean_same_source,-1,207,212
caret-mint-left-lavender-right-run01,mint,10,211,211,unclean_same_source,-1,233,233
caret-mint-left-lavender-right-run01,mint,11,219,225,unclean_same_source,-1,241,247
caret-mint-left-lavender-right-run01,mint,12,244,248,unclean_same_source,-1,266,270
caret-mint-left-lavender-right-run01,mint,13,257,259,unclean_same_source,-1,279,281
caret-mint-left-lavender-right-run01,mint,14,288,289,other_source_contact,-1,310,311
caret-mint-left-lavender-right-run01,mint,15,304,304,other_source_contact,-1,326,326
caret-mint-left-lavender-right-run01,mint,16,347,349,unclean_same_source,-1,369,371
caret-mint-left-lavender-right-run01,mint,17,356,359,ineligible_row,-1,378,381
caret-mint-left-lavender-right-run01,mint,18,371,373,unclean_same_source,-1,393,395
caret-mint-left-lavender-right-run01,mint,19,382,385,unclean_same_source,-1,404,407
caret-mint-left-lavender-right-run01,mint,20,410,415,other_source_contact,-1,432,437
caret-mint-left-lavender-right-run01,mint,21,436,436,other_source_contact,-1,458,458
caret-mint-left-lavender-right-run01,mint,22,447,452,unclean_same_source,-1,469,474
caret-mint-left-lavender-right-run01,mint,23,461,463,unclean_same_source,-1,483,485
caret-mint-left-lavender-right-run01,mint,24,476,476,ineligible_row,-1,498,498
caret-mint-left-lavender-right-run01,mint,25,510,510,ineligible_row,-1,532,532
caret-mint-left-lavender-right-run01,mint,26,524,524,other_source_contact,-1,546,546
caret-mint-left-lavender-right-run01,mint,27,566,570,other_source_contact,-1,588,592
caret-mint-left-lavender-right-run01,mint,28,582,582,other_source_contact,-1,604,604
caret-mint-left-lavender-right-run01,mint,29,601,605,other_source_contact,-1,623,627
caret-mint-left-lavender-right-run01,mint,30,619,619,accepted,2,641,641
caret-mint-left-lavender-right-run01,mint,31,632,632,ineligible_row,-1,654,654
caret-mint-left-lavender-right-run01,mint,32,647,647,ineligible_row,-1,669,669
caret-mint-left-lavender-right-run01,mint,33,654,658,unclean_same_source,-1,676,680
caret-mint-left-lavender-right-run01,mint,34,671,673,unclean_same_source,-1,693,695
caret-mint-left-lavender-right-run01,mint,35,680,680,unclean_same_source,-1,702,702
caret-mint-left-lavender-right-run01,lavender,0,19,24,other_source_contact,-1,41,46
caret-mint-left-lavender-right-run01,lavender,1,123,123,unclean_same_source,-1,145,145
caret-mint-left-lavender-right-run01,lavender,2,129,129,unclean_same_source,-1,151,151
caret-mint-left-lavender-right-run01,lavender,3,160,160,accepted,0,182,182
caret-mint-left-lavender-right-run01,lavender,4,196,200,other_source_contact,-1,218,222
caret-mint-left-lavender-right-run01,lavender,5,233,233,unclean_same_source,-1,255,255
caret-mint-left-lavender-right-run01,lavender,6,240,240,unclean_same_source,-1,262,262
caret-mint-left-lavender-right-run01,lavender,7,275,277,accepted,1,297,299
caret-mint-left-lavender-right-run01,lavender,8,290,292,unclean_same_source,-1,312,314
caret-mint-left-lavender-right-run01,lavender,9,298,299,unclean_same_source,-1,320,321
caret-mint-left-lavender-right-run01,lavender,10,324,324,ineligible_row,-1,346,346
caret-mint-left-lavender-right-run01,lavender,11,333,333,unclean_same_source,-1,355,355
caret-mint-left-lavender-right-run01,lavender,12,392,392,ineligible_row,-1,414,414
caret-mint-left-lavender-right-run01,lavender,13,398,400,unclean_same_source,-1,420,422
caret-mint-left-lavender-right-run01,lavender,14,423,423,other_source_contact,-1,445,445
caret-mint-left-lavender-right-run01,lavender,15,441,446,other_source_contact,-1,463,468
caret-mint-left-lavender-right-run01,lavender,16,456,458,other_source_contact,-1,478,480
caret-mint-left-lavender-right-run01,lavender,17,485,485,other_source_contact,-1,507,507
caret-mint-left-lavender-right-run01,lavender,18,527,530,other_source_contact,-1,549,552
caret-mint-left-lavender-right-run01,lavender,19,540,545,unclean_same_source,-1,562,567
caret-mint-left-lavender-right-run01,lavender,20,552,552,unclean_same_source,-1,574,574
caret-mint-left-lavender-right-run01,lavender,21,574,578,other_source_contact,-1,596,600
caret-mint-left-lavender-right-run01,lavender,22,599,599,unclean_same_source,-1,621,621
caret-mint-left-lavender-right-run01,lavender,23,608,609,unclean_same_source,-1,630,631
caret-mint-left-lavender-right-run01,lavender,24,645,645,other_source_contact,-1,667,667
caret-mint-left-lavender-right-run01,lavender,25,664,668,ineligible_row,-1,686,690
caret-mint-left-lavender-right-run01,lavender,26,685,685,other_source_contact,-1,707,707
caret-lavender-left-mint-right-run01,mint,0,18,23,ineligible_row,-1,72,77
caret-lavender-left-mint-right-run01,mint,1,71,77,other_source_contact,-1,125,131
caret-lavender-left-mint-right-run01,mint,2,98,98,unclean_same_source,-1,152,152
caret-lavender-left-mint-right-run01,mint,3,107,107,unclean_same_source,-1,161,161
caret-lavender-left-mint-right-run01,mint,4,126,126,ineligible_row,-1,180,180
caret-lavender-left-mint-right-run01,mint,5,132,132,ineligible_row,-1,186,186
caret-lavender-left-mint-right-run01,mint,6,145,145,ineligible_row,-1,199,199
caret-lavender-left-mint-right-run01,mint,7,157,157,ineligible_row,-1,211,211
caret-lavender-left-mint-right-run01,mint,8,185,185,ineligible_row,-1,239,239
caret-lavender-left-mint-right-run01,mint,9,208,208,unclean_same_source,-1,262,262
caret-lavender-left-mint-right-run01,mint,10,214,214,unclean_same_source,-1,268,268
caret-lavender-left-mint-right-run01,mint,11,231,231,ineligible_row,-1,285,285
caret-lavender-left-mint-right-run01,mint,12,274,277,other_source_contact,-1,328,331
caret-lavender-left-mint-right-run01,mint,13,320,328,ineligible_row,-1,374,382
caret-lavender-left-mint-right-run01,mint,14,368,371,accepted,0,422,425
caret-lavender-left-mint-right-run01,mint,15,400,400,accepted,1,454,454
caret-lavender-left-mint-right-run01,mint,16,443,446,other_source_contact,-1,497,500
caret-lavender-left-mint-right-run01,mint,17,460,460,ineligible_row,-1,514,514
caret-lavender-left-mint-right-run01,mint,18,476,476,ineligible_row,-1,530,530
caret-lavender-left-mint-right-run01,mint,19,489,492,ineligible_row,-1,543,546
caret-lavender-left-mint-right-run01,mint,20,507,513,ineligible_row,-1,561,567
caret-lavender-left-mint-right-run01,mint,21,529,532,ineligible_row,-1,583,586
caret-lavender-left-mint-right-run01,mint,22,574,580,other_source_contact,-1,628,634
caret-lavender-left-mint-right-run01,lavender,0,26,26,unclean_same_source,-1,80,80
caret-lavender-left-mint-right-run01,lavender,1,32,32,unclean_same_source,-1,86,86
caret-lavender-left-mint-right-run01,lavender,2,45,45,accepted,0,99,99
caret-lavender-left-mint-right-run01,lavender,3,56,63,other_source_contact,-1,110,117
caret-lavender-left-mint-right-run01,lavender,4,88,89,other_source_contact,-1,142,143
caret-lavender-left-mint-right-run01,lavender,5,100,103,other_source_contact,-1,154,157
caret-lavender-left-mint-right-run01,lavender,6,116,120,other_source_contact,-1,170,174
caret-lavender-left-mint-right-run01,lavender,7,138,138,ineligible_row,-1,192,192
caret-lavender-left-mint-right-run01,lavender,8,150,150,ineligible_row,-1,204,204
caret-lavender-left-mint-right-run01,lavender,9,160,161,ineligible_row,-1,214,215
caret-lavender-left-mint-right-run01,lavender,10,178,178,ineligible_row,-1,232,232
caret-lavender-left-mint-right-run01,lavender,11,198,199,ineligible_row,-1,252,253
caret-lavender-left-mint-right-run01,lavender,12,237,240,ineligible_row,-1,291,294
caret-lavender-left-mint-right-run01,lavender,13,249,249,ineligible_row,-1,303,303
caret-lavender-left-mint-right-run01,lavender,14,263,263,ineligible_row,-1,317,317
caret-lavender-left-mint-right-run01,lavender,15,284,287,other_source_contact,-1,338,341
caret-lavender-left-mint-right-run01,lavender,16,305,308,ineligible_row,-1,359,362
caret-lavender-left-mint-right-run01,lavender,17,333,333,ineligible_row,-1,387,387
caret-lavender-left-mint-right-run01,lavender,18,348,348,ineligible_row,-1,402,402
caret-lavender-left-mint-right-run01,lavender,19,388,388,accepted,1,442,442
caret-lavender-left-mint-right-run01,lavender,20,423,427,unclean_same_source,-1,477,481
caret-lavender-left-mint-right-run01,lavender,21,435,435,unclean_same_source,-1,489,489
caret-lavender-left-mint-right-run01,lavender,22,452,453,other_source_contact,-1,506,507
caret-lavender-left-mint-right-run01,lavender,23,464,464,ineligible_row,-1,518,518
caret-lavender-left-mint-right-run01,lavender,24,481,481,ineligible_row,-1,535,535
caret-lavender-left-mint-right-run01,lavender,25,496,499,ineligible_row,-1,550,553
caret-lavender-left-mint-right-run01,lavender,26,518,521,ineligible_row,-1,572,575
caret-lavender-left-mint-right-run01,lavender,27,543,543,ineligible_row,-1,597,597
caret-lavender-left-mint-right-run01,lavender,28,553,554,ineligible_row,-1,607,608
caret-lavender-left-mint-right-run01,lavender,29,565,569,other_source_contact,-1,619,623
caret-lavender-left-mint-right-run01,lavender,30,590,591,accepted,2,644,645
caret-lavender-left-mint-right-run01,lavender,31,618,620,accepted,3,672,674
lavender-only-horizontal-run01,lavender,0,17,18,ineligible_row,-1,64,65
lavender-only-horizontal-run01,lavender,1,28,28,ineligible_row,-1,75,75
lavender-only-horizontal-run01,lavender,2,44,44,accepted,0,91,91
lavender-only-horizontal-run01,lavender,3,56,57,accepted,1,103,104
lavender-only-horizontal-run01,lavender,4,92,94,ineligible_row,-1,139,141
lavender-only-horizontal-run01,lavender,5,107,107,ineligible_row,-1,154,154
lavender-only-horizontal-run01,lavender,6,118,119,ineligible_row,-1,165,166
lavender-only-horizontal-run01,lavender,7,136,137,ineligible_row,-1,183,184
lavender-only-horizontal-run01,lavender,8,158,158,ineligible_row,-1,205,205
lavender-only-horizontal-run01,lavender,9,168,168,ineligible_row,-1,215,215
lavender-only-horizontal-run01,lavender,10,179,179,ineligible_row,-1,226,226
lavender-only-horizontal-run01,lavender,11,196,196,ineligible_row,-1,243,243
lavender-only-horizontal-run01,lavender,12,216,216,ineligible_row,-1,263,263
lavender-only-horizontal-run01,lavender,13,242,242,ineligible_row,-1,289,289
lavender-only-horizontal-run01,lavender,14,251,251,ineligible_row,-1,298,298
lavender-only-horizontal-run01,lavender,15,264,264,ineligible_row,-1,311,311
lavender-only-horizontal-run01,lavender,16,274,275,ineligible_row,-1,321,322
lavender-only-horizontal-run01,lavender,17,309,310,accepted,2,356,357
lavender-only-horizontal-run01,lavender,18,324,324,accepted,3,371,371
lavender-only-horizontal-run01,lavender,19,342,342,accepted,4,389,389
lavender-only-horizontal-run01,lavender,20,353,353,ineligible_row,-1,400,400
lavender-only-horizontal-run01,lavender,21,383,383,unclean_same_source,-1,430,430
lavender-only-horizontal-run01,lavender,22,391,393,unclean_same_source,-1,438,440
lavender-only-horizontal-run01,lavender,23,418,418,ineligible_row,-1,465,465
lavender-only-horizontal-run01,lavender,24,437,437,ineligible_row,-1,484,484
lavender-only-horizontal-run01,lavender,25,450,450,ineligible_row,-1,497,497
lavender-only-horizontal-run01,lavender,26,460,461,ineligible_row,-1,507,508
lavender-only-horizontal-run01,lavender,27,475,476,ineligible_row,-1,522,523
lavender-only-horizontal-run01,lavender,28,488,489,ineligible_row,-1,535,536
lavender-only-horizontal-run01,lavender,29,502,502,ineligible_row,-1,549,549
lavender-only-horizontal-run01,lavender,30,511,512,unclean_same_source,-1,558,559
lavender-only-horizontal-run01,lavender,31,520,521,unclean_same_source,-1,567,568
lavender-only-horizontal-run01,lavender,32,533,533,accepted,5,580,580
lavender-only-horizontal-run01,lavender,33,549,549,accepted,6,596,596
lavender-only-horizontal-run01,lavender,34,568,568,ineligible_row,-1,615,615
lavender-only-horizontal-run01,lavender,35,584,584,accepted,7,631,631
lavender-only-horizontal-run01,lavender,36,628,628,accepted,8,675,675
lavender-only-horizontal-run01,lavender,37,647,647,accepted,9,694,694
lavender-only-horizontal-run01,lavender,38,678,683,accepted,10,725,730
lavender-only-horizontal-run01,lavender,39,705,708,ineligible_row,-1,752,755
lavender-only-horizontal-run01,lavender,40,728,732,unclean_same_source,-1,775,779
lavender-only-horizontal-run01,lavender,41,738,738,unclean_same_source,-1,785,785
lavender-only-horizontal-run01,lavender,42,765,765,ineligible_row,-1,812,812
inverted-caret-lavender-left-mint-right-run01,mint,0,21,21,ineligible_row,-1,47,47
inverted-caret-lavender-left-mint-right-run01,mint,1,52,53,other_source_contact,-1,78,79
inverted-caret-lavender-left-mint-right-run01,mint,2,78,79,ineligible_row,-1,104,105
inverted-caret-lavender-left-mint-right-run01,mint,3,91,91,ineligible_row,-1,117,117
inverted-caret-lavender-left-mint-right-run01,mint,4,128,128,ineligible_row,-1,154,154
inverted-caret-lavender-left-mint-right-run01,mint,5,136,136,ineligible_row,-1,162,162
inverted-caret-lavender-left-mint-right-run01,mint,6,170,171,ineligible_row,-1,196,197
inverted-caret-lavender-left-mint-right-run01,mint,7,179,180,ineligible_row,-1,205,206
inverted-caret-lavender-left-mint-right-run01,mint,8,220,220,ineligible_row,-1,246,246
inverted-caret-lavender-left-mint-right-run01,mint,9,241,242,accepted,0,267,268
inverted-caret-lavender-left-mint-right-run01,mint,10,262,265,ineligible_row,-1,288,291
inverted-caret-lavender-left-mint-right-run01,mint,11,289,292,unclean_same_source,-1,315,318
inverted-caret-lavender-left-mint-right-run01,mint,12,300,300,unclean_same_source,-1,326,326
inverted-caret-lavender-left-mint-right-run01,mint,13,312,315,ineligible_row,-1,338,341
inverted-caret-lavender-left-mint-right-run01,mint,14,343,343,accepted,1,369,369
inverted-caret-lavender-left-mint-right-run01,mint,15,353,359,other_source_contact,-1,379,385
inverted-caret-lavender-left-mint-right-run01,mint,16,391,391,unclean_same_source,-1,417,417
inverted-caret-lavender-left-mint-right-run01,mint,17,398,398,unclean_same_source,-1,424,424
inverted-caret-lavender-left-mint-right-run01,mint,18,423,423,accepted,2,449,449
inverted-caret-lavender-left-mint-right-run01,mint,19,434,434,other_source_contact,-1,460,460
inverted-caret-lavender-left-mint-right-run01,mint,20,451,456,other_source_contact,-1,477,482
inverted-caret-lavender-left-mint-right-run01,mint,21,487,493,other_source_contact,-1,513,519
inverted-caret-lavender-left-mint-right-run01,mint,22,511,512,unclean_same_source,-1,537,538
inverted-caret-lavender-left-mint-right-run01,mint,23,520,520,unclean_same_source,-1,546,546
inverted-caret-lavender-left-mint-right-run01,mint,24,563,563,other_source_contact,-1,589,589
inverted-caret-lavender-left-mint-right-run01,mint,25,606,606,unclean_same_source,-1,632,632
inverted-caret-lavender-left-mint-right-run01,mint,26,613,616,unclean_same_source,-1,639,642
inverted-caret-lavender-left-mint-right-run01,mint,27,646,646,other_source_contact,-1,672,672
inverted-caret-lavender-left-mint-right-run01,mint,28,690,693,ineligible_row,-1,716,719
inverted-caret-lavender-left-mint-right-run01,mint,29,726,727,other_source_contact,-1,752,753
inverted-caret-lavender-left-mint-right-run01,mint,30,751,751,other_source_contact,-1,777,777
inverted-caret-lavender-left-mint-right-run01,mint,31,790,790,accepted,3,816,816
inverted-caret-lavender-left-mint-right-run01,mint,32,807,808,accepted,4,833,834
inverted-caret-lavender-left-mint-right-run01,mint,33,856,856,accepted,5,882,882
inverted-caret-lavender-left-mint-right-run01,mint,34,876,884,other_source_contact,-1,902,910
inverted-caret-lavender-left-mint-right-run01,mint,35,902,904,unclean_same_source,-1,928,930
inverted-caret-lavender-left-mint-right-run01,mint,36,910,911,unclean_same_source,-1,936,937
inverted-caret-lavender-left-mint-right-run01,mint,37,927,927,unclean_same_source,-1,953,953
inverted-caret-lavender-left-mint-right-run01,mint,38,935,935,unclean_same_source,-1,961,961
inverted-caret-lavender-left-mint-right-run01,mint,39,990,990,accepted,6,1016,1016
inverted-caret-lavender-left-mint-right-run01,mint,40,1008,1008,other_source_contact,-1,1034,1034
inverted-caret-lavender-left-mint-right-run01,mint,41,1030,1030,other_source_contact,-1,1056,1056
inverted-caret-lavender-left-mint-right-run01,mint,42,1043,1043,accepted,7,1069,1069
inverted-caret-lavender-left-mint-right-run01,lavender,0,18,18,ineligible_row,-1,44,44
inverted-caret-lavender-left-mint-right-run01,lavender,1,61,65,other_source_contact,-1,87,91
inverted-caret-lavender-left-mint-right-run01,lavender,2,95,100,other_source_contact,-1,121,126
inverted-caret-lavender-left-mint-right-run01,lavender,3,119,119,ineligible_row,-1,145,145
inverted-caret-lavender-left-mint-right-run01,lavender,4,142,145,ineligible_row,-1,168,171
inverted-caret-lavender-left-mint-right-run01,lavender,5,157,158,unclean_same_source,-1,183,184
inverted-caret-lavender-left-mint-right-run01,lavender,6,167,167,ineligible_row,-1,193,193
inverted-caret-lavender-left-mint-right-run01,lavender,7,225,230,other_source_contact,-1,251,256
inverted-caret-lavender-left-mint-right-run01,lavender,8,283,284,other_source_contact,-1,309,310
inverted-caret-lavender-left-mint-right-run01,lavender,9,303,308,other_source_contact,-1,329,334
inverted-caret-lavender-left-mint-right-run01,lavender,10,322,323,ineligible_row,-1,348,349
inverted-caret-lavender-left-mint-right-run01,lavender,11,368,368,unclean_same_source,-1,394,394
inverted-caret-lavender-left-mint-right-run01,lavender,12,376,376,unclean_same_source,-1,402,402
inverted-caret-lavender-left-mint-right-run01,lavender,13,397,397,unclean_same_source,-1,423,423
inverted-caret-lavender-left-mint-right-run01,lavender,14,405,410,unclean_same_source,-1,431,436
inverted-caret-lavender-left-mint-right-run01,lavender,15,440,443,other_source_contact,-1,466,469
inverted-caret-lavender-left-mint-right-run01,lavender,16,469,472,unclean_same_source,-1,495,498
inverted-caret-lavender-left-mint-right-run01,lavender,17,479,480,unclean_same_source,-1,505,506
inverted-caret-lavender-left-mint-right-run01,lavender,18,508,509,other_source_contact,-1,534,535
inverted-caret-lavender-left-mint-right-run01,lavender,19,527,527,ineligible_row,-1,553,553
inverted-caret-lavender-left-mint-right-run01,lavender,20,556,556,other_source_contact,-1,582,582
inverted-caret-lavender-left-mint-right-run01,lavender,21,566,567,unclean_same_source,-1,592,593
inverted-caret-lavender-left-mint-right-run01,lavender,22,573,574,unclean_same_source,-1,599,600
inverted-caret-lavender-left-mint-right-run01,lavender,23,625,634,other_source_contact,-1,651,660
inverted-caret-lavender-left-mint-right-run01,lavender,24,654,654,ineligible_row,-1,680,680
inverted-caret-lavender-left-mint-right-run01,lavender,25,702,702,ineligible_row,-1,728,728
inverted-caret-lavender-left-mint-right-run01,lavender,26,709,709,unclean_same_source,-1,735,735
inverted-caret-lavender-left-mint-right-run01,lavender,27,716,716,unclean_same_source,-1,742,742
inverted-caret-lavender-left-mint-right-run01,lavender,28,722,722,unclean_same_source,-1,748,748
inverted-caret-lavender-left-mint-right-run01,lavender,29,736,736,other_source_contact,-1,762,762
inverted-caret-lavender-left-mint-right-run01,lavender,30,760,762,unclean_same_source,-1,786,788
inverted-caret-lavender-left-mint-right-run01,lavender,31,771,776,unclean_same_source,-1,797,802
inverted-caret-lavender-left-mint-right-run01,lavender,32,830,834,accepted,0,856,860
inverted-caret-lavender-left-mint-right-run01,lavender,33,868,868,other_source_contact,-1,894,894
inverted-caret-lavender-left-mint-right-run01,lavender,34,888,890,unclean_same_source,-1,914,916
inverted-caret-lavender-left-mint-right-run01,lavender,35,897,899,unclean_same_source,-1,923,925
inverted-caret-lavender-left-mint-right-run01,lavender,36,917,919,other_source_contact,-1,943,945
inverted-caret-lavender-left-mint-right-run01,lavender,37,944,945,unclean_same_source,-1,970,971
inverted-caret-lavender-left-mint-right-run01,lavender,38,951,951,unclean_same_source,-1,977,977
inverted-caret-lavender-left-mint-right-run01,lavender,39,980,980,accepted,1,1006,1006
inverted-caret-lavender-left-mint-right-run01,lavender,40,1015,1021,other_source_contact,-1,1041,1047
inverted-caret-lavender-left-mint-right-run01,lavender,41,1070,1071,accepted,2,1096,1097
