pca_fit,channel,PC1_loading,PC2_loading,PC3_loading
global,S1,0.1877514826755983,0.051915291233678176,0.27667612634358435
global,S2,0.19625372503484306,0.05041167378011621,0.23698106165595328
global,S3,-0.03146216342789844,0.33355768498897753,-0.03578746971339454
global,S4,0.21197506844476308,0.042013832200476116,0.13892105810458277
global,S5,0.20379512926811696,-0.004620852413418722,-0.2299256203632475
global,S6,-0.05363677459376994,0.07936903258622428,0.4804288894626089
global,S7,-0.03724472073255136,0.34682720566393027,-0.05514252450093221
global,S8,0.198679179848459,0.006603054700075671,-0.21489704495203799
global,S9,0.18618951850017199,0.06543080065251095,0.32139134688107523
global,S10,0.20665236505205548,0.00823266016202982,-0.03899083923911408
global,S11,-0.03676769573205558,0.3499067722650204,-0.052768338652552024
global,S12,0.21774545267075304,0.03730198776535221,0.03295057229104783
global,S13,0.22006780166304632,0.013105752590173768,-0.04294781540025825
global,S14,0.21991965246940492,0.01616045567978968,0.03189724683142685
global,S15,-0.036574199313272146,0.3508253524975461,-0.050908081250109115
global,S16,0.218716245145716,-0.00023325496136093293,-0.06562401022852941
global,S17,0.21697011418922765,0.02202436799075123,0.02082303159985749
global,S18,0.21803425894418352,0.014365031294675302,-0.07559134296541237
global,S19,-0.03624444216228743,0.3510951169437215,-0.049425793998082265
global,S20,0.21960219990940386,0.03111224534099035,0.04804399702811397
global,S21,0.21981846373248057,0.011568186583010585,-0.06221660197533042
global,S22,0.21313665104112142,0.038048473972586865,0.13073173160756935
global,S23,-0.03730289298121973,0.34839515126004683,-0.05475663606840602
global,S24,0.17386378623544282,0.06174725476828533,0.32688995994043263
global,S25,0.19985146922595973,-0.02591967200341756,-0.23064138204972542
global,S26,0.21200801229232577,0.047008955147476876,0.13885881357122554
global,S27,-0.036527479028492835,0.35058791809421896,-0.05131635325526976
global,S28,0.20588890816161998,0.022690918112744908,-0.1496277069224547
global,S29,0.219020181458784,0.01828714246100619,-0.05691293089673897
global,S30,0.17276831781949084,-0.04084805183250436,-0.38313906484391536
global,S31,-0.0363916855428502,0.35054287583694194,-0.050503643879750676
global,S32,0.21367759750384818,0.022476395164069587,-0.05973478078038627
mint-only-horizontal-run01,S1,0.20070570325413048,0.03559910157354043,0.03023732663058306
mint-only-horizontal-run01,S2,0.20388537699734122,0.03183519863805332,0.028529247213007723
mint-only-horizontal-run01,S3,0.0016886791374312554,0.26496731496315135,-0.2310306481835734
mint-only-horizontal-run01,S4,0.21209001132956723,0.025275374607047197,0.023791158769093355
mint-only-horizontal-run01,S5,0.2020379983551472,-0.02955282003121921,-0.013176855574735155
mint-only-horizontal-run01,S6,0.05979630311023578,0.148796152595158,-0.014383937989240762
mint-only-horizontal-run01,S7,-0.0037702656584648504,0.43384856706106406,-0.3031236694230006
mint-only-horizontal-run01,S8,0.19076235668362942,-0.055072718258297765,-0.024371451459737258
mint-only-horizontal-run01,S9,0.20768464750834537,0.03469989508720399,0.02876872162829987
mint-only-horizontal-run01,S10,0.19595408897649952,0.04371881739944438,0.006340417628022781
mint-only-horizontal-run01,S11,-0.002237933176653275,0.43722937863696537,-0.25301561161300695
mint-only-horizontal-run01,S12,0.21691593974569526,-0.0019436782544265398,0.004756122669524262
mint-only-horizontal-run01,S13,0.2173097614995776,-0.00014201819842252873,0.009594366005832113
mint-only-horizontal-run01,S14,0.21620402672138347,0.014318425980033555,0.015175036279718902
mint-only-horizontal-run01,S15,0.0018622622408920482,0.47251214179899126,-0.1131100902883434
mint-only-horizontal-run01,S16,0.21591896293582488,0.0146519558285759,0.010864903676588026
mint-only-horizontal-run01,S17,0.21560808923785965,0.0059689244813435,0.0053242488952211856
mint-only-horizontal-run01,S18,0.21528255148039374,-0.009379713278350923,-0.0028058163117929955
mint-only-horizontal-run01,S19,-0.00039166316713484827,0.41236213554308254,0.21608747808154397
mint-only-horizontal-run01,S20,0.21767568054506659,0.0071184527452731045,0.009115991199463094
mint-only-horizontal-run01,S21,0.21801182126994972,0.0017633338576628801,0.00378255755188699
mint-only-horizontal-run01,S22,0.21044396140712418,0.017887706636897115,0.014441967857571706
mint-only-horizontal-run01,S23,-0.018493653908478885,0.27901993976149475,0.45424406743770773
mint-only-horizontal-run01,S24,0.18230083217655688,0.030114891659167024,0.022314481134801646
mint-only-horizontal-run01,S25,0.20869253212729347,-0.037332901291003695,-0.007192077768496563
mint-only-horizontal-run01,S26,0.21309983462291968,0.012614484896832949,0.009497815714892872
mint-only-horizontal-run01,S27,-0.015580090321172295,0.17664141955244872,0.5566230988256745
mint-only-horizontal-run01,S28,0.20291481767956596,-0.03597994560019659,-0.021826849174031
mint-only-horizontal-run01,S29,0.2163982793736398,-0.00754983009535505,-0.004733315123845008
mint-only-horizontal-run01,S30,0.19185709248181287,-0.0699269744342434,-0.030414986892927518
mint-only-horizontal-run01,S31,-0.011960960387772853,0.07462735181894321,0.4559258841076063
mint-only-horizontal-run01,S32,0.208358999651645,-0.027581198049619515,-0.013978753554287788
caret-mint-left-lavender-right-run01,S1,0.18707229574306872,0.028868425927815612,0.019984585886266882
caret-mint-left-lavender-right-run01,S2,0.19411546674007274,0.026745922779827843,0.017262410609792014
caret-mint-left-lavender-right-run01,S3,-0.009494795674743728,0.26907963157425674,-0.2375778130997192
caret-mint-left-lavender-right-run01,S4,0.20820873341074936,0.016375136028718908,0.011159476548432141
caret-mint-left-lavender-right-run01,S5,0.2037892901051423,-0.010899713103305442,-0.011043056519433473
caret-mint-left-lavender-right-run01,S6,0.14753393892435462,-0.02498504130642037,0.04584525383730631
caret-mint-left-lavender-right-run01,S7,-0.006408587804070926,0.356358379141477,-0.30614554255032755
caret-mint-left-lavender-right-run01,S8,0.19583987816958118,-0.019792127925112726,-0.013776095470591495
caret-mint-left-lavender-right-run01,S9,0.20129839048898918,0.023900427050133562,0.015153776132453473
caret-mint-left-lavender-right-run01,S10,0.20432866508219383,0.002832628847876073,0.016037621182675016
caret-mint-left-lavender-right-run01,S11,-0.006025627688225618,0.4419878384027238,-0.2837985996061643
caret-mint-left-lavender-right-run01,S12,0.21446851525662397,0.00041820886485655805,-0.00028929738533323314
caret-mint-left-lavender-right-run01,S13,0.21454842542826302,0.0036455558840143005,-0.0022568231385731033
caret-mint-left-lavender-right-run01,S14,0.21441269809845886,0.007617825960063661,0.001827067951266282
caret-mint-left-lavender-right-run01,S15,-0.002092375174774042,0.4386259300786426,-0.2232333190272394
caret-mint-left-lavender-right-run01,S16,0.2143196461739622,0.002329001762946319,-0.00018032184746708584
caret-mint-left-lavender-right-run01,S17,0.21145877037382238,0.004898925509948794,0.005530041900216121
caret-mint-left-lavender-right-run01,S18,0.2130928047987074,-0.0031726773648914,-0.0024125642853215327
caret-mint-left-lavender-right-run01,S19,0.003711442478471912,0.4341262207325661,0.02853450165638741
caret-mint-left-lavender-right-run01,S20,0.21481380088048097,0.006142689559971571,0.001343819467173462
caret-mint-left-lavender-right-run01,S21,0.21470576556732113,0.0009145862720518635,-0.0026125352769471874
caret-mint-left-lavender-right-run01,S22,0.20965786178767537,0.011999821341103832,0.004679391657835001
caret-mint-left-lavender-right-run01,S23,-0.008362330277533796,0.3352546658218489,0.4376885536972571
caret-mint-left-lavender-right-run01,S24,0.1878973121951308,0.023202779112803135,0.004239065785276003
caret-mint-left-lavender-right-run01,S25,0.20846384234313534,-0.0026029312804374616,-0.015077963952488067
caret-mint-left-lavender-right-run01,S26,0.2111116631977186,0.007710918828062211,0.0014659416583203
caret-mint-left-lavender-right-run01,S27,-0.00607655523721856,0.27076160089762863,0.5623553513829389
caret-mint-left-lavender-right-run01,S28,0.20172939985913788,-0.01867259699641714,-0.012171889228812021
caret-mint-left-lavender-right-run01,S29,0.2137996756579268,-0.0017292383378225463,-0.006252004108302703
caret-mint-left-lavender-right-run01,S30,0.19033704582279362,-0.017200519423320376,-0.02664988482263303
caret-mint-left-lavender-right-run01,S31,-0.0087063378851138,0.18302749205674118,0.45346954259789357
caret-mint-left-lavender-right-run01,S32,0.2084762380111489,-0.010495075133218885,-0.01583056712376364
caret-lavender-left-mint-right-run01,S1,0.1924274915913925,0.005897761535155071,-0.31592492150405715
caret-lavender-left-mint-right-run01,S2,0.19816715656121076,0.00624356846020091,-0.2797708681499272
caret-lavender-left-mint-right-run01,S3,-0.003953526586876232,0.254333412206105,0.18717462947852337
caret-lavender-left-mint-right-run01,S4,0.21159470339960537,0.006950362936582905,-0.14959815988708247
caret-lavender-left-mint-right-run01,S5,0.20172399670237318,0.00558577126304498,0.25650095957539004
caret-lavender-left-mint-right-run01,S6,0.10076918281799872,-0.02031219138100672,0.04468461901935014
caret-lavender-left-mint-right-run01,S7,-0.005175832224499573,0.3218785980649997,0.15240168421064262
caret-lavender-left-mint-right-run01,S8,0.18853188928096815,0.0021439300094993133,0.3439079483852186
caret-lavender-left-mint-right-run01,S9,0.20086384861135292,0.005540805057679118,-0.2736429256637125
caret-lavender-left-mint-right-run01,S10,0.20224150404919256,0.005687242845273136,0.12653056134063473
caret-lavender-left-mint-right-run01,S11,-0.0023492893931582968,0.3877755401156881,0.1471455391217754
caret-lavender-left-mint-right-run01,S12,0.21694533674031438,0.0033728438298057132,0.029076982849116827
caret-lavender-left-mint-right-run01,S13,0.21740359461959904,0.0028941334417931295,0.009490377847580264
caret-lavender-left-mint-right-run01,S14,0.2164532614183708,0.004018701404074503,-0.0723987205741266
caret-lavender-left-mint-right-run01,S15,0.011021716930276943,0.40931119474099176,0.0359195367677221
caret-lavender-left-mint-right-run01,S16,0.21682655570307074,0.0036064943436023974,0.007377880139582191
caret-lavender-left-mint-right-run01,S17,0.21436743013653667,0.004483369081101557,-0.007768855593178561
caret-lavender-left-mint-right-run01,S18,0.21524497708885965,0.0019682259236936256,0.10352861961133683
caret-lavender-left-mint-right-run01,S19,0.01110626270474972,0.41643292268623305,-0.041768420397411965
caret-lavender-left-mint-right-run01,S20,0.21762562085992362,0.0006443514148086107,-0.042027794101019526
caret-lavender-left-mint-right-run01,S21,0.2178086723590429,-0.00029927024736164134,0.022158595634340077
caret-lavender-left-mint-right-run01,S22,0.21126067000250953,-0.003209529715554672,-0.1546170898252138
caret-lavender-left-mint-right-run01,S23,-0.0037253502849422856,0.3940856745106838,-0.14351277023031336
caret-lavender-left-mint-right-run01,S24,0.18355616325717428,-0.00904432268239004,-0.33405727055597456
caret-lavender-left-mint-right-run01,S25,0.2137246088831355,-0.0030486317726839242,0.03716199778749813
caret-lavender-left-mint-right-run01,S26,0.21297894951149104,-0.004301822461205837,-0.11912450288736574
caret-lavender-left-mint-right-run01,S27,-0.0057824175297154405,0.3358264252854365,-0.17833540674245935
caret-lavender-left-mint-right-run01,S28,0.19832988621727887,-0.0029110561544138484,0.2849776255008277
caret-lavender-left-mint-right-run01,S29,0.21648584804585594,-0.0028713970717705456,0.0615407647071117
caret-lavender-left-mint-right-run01,S30,0.1886499459474463,-0.0018041893800569953,0.3230116211799041
caret-lavender-left-mint-right-run01,S31,-0.017302902210782043,0.2671209753598419,-0.11805132061818124
caret-lavender-left-mint-right-run01,S32,0.21028058387557566,-0.010173227036683113,0.11674305502773016
lavender-only-horizontal-run01,S1,0.18955125420738897,0.0825058328276274,-0.29793254605590413
lavender-only-horizontal-run01,S2,0.19368983518646332,0.07812300299260702,-0.2673254296510596
lavender-only-horizontal-run01,S3,-0.058366638853595686,0.3226513221620124,0.127810431648709
lavender-only-horizontal-run01,S4,0.20406882871751167,0.06442523970517176,-0.13586269742857324
lavender-only-horizontal-run01,S5,0.19734576636984835,0.01125094284151743,0.2715913453005147
lavender-only-horizontal-run01,S6,0.13033801467692016,-0.11164011629260595,0.43969882074269073
lavender-only-horizontal-run01,S7,-0.07798557936571925,0.33807372961199583,0.024970418491057373
lavender-only-horizontal-run01,S8,0.19152618775493552,-0.002664617918135868,0.3397840531664929
lavender-only-horizontal-run01,S9,0.1970793696968583,0.07175539795646957,-0.2531120070869459
lavender-only-horizontal-run01,S10,0.19888493841603408,0.01649793511318505,0.11444356251656984
lavender-only-horizontal-run01,S11,-0.07631426519932971,0.34264963123480563,0.04257726821102299
lavender-only-horizontal-run01,S12,0.20925347597695051,0.04979712397872722,-0.006767436771374217
lavender-only-horizontal-run01,S13,0.20975329562993184,0.04566100952805549,0.018254391441686307
lavender-only-horizontal-run01,S14,0.20854337077564244,0.05643395461258431,-0.06092197649020573
lavender-only-horizontal-run01,S15,-0.07562057381552767,0.3441560986661433,0.04923486216568617
lavender-only-horizontal-run01,S16,0.20927425177252476,0.04338851949456278,0.023880854188784436
lavender-only-horizontal-run01,S17,0.20536189126482177,0.05778934479527054,0.013971997041118522
lavender-only-horizontal-run01,S18,0.20860409572202948,0.03576429829427214,0.10606430831735442
lavender-only-horizontal-run01,S19,-0.07464838749989124,0.34498114312780664,0.052318141087174516
lavender-only-horizontal-run01,S20,0.20934944625267954,0.05456986939556769,-0.04027410269337436
lavender-only-horizontal-run01,S21,0.2098249905039773,0.046395802400423646,0.026925723210591966
lavender-only-horizontal-run01,S22,0.2047307198227332,0.0624284669700494,-0.1454977672734383
lavender-only-horizontal-run01,S23,-0.0779711306166294,0.3398713355782959,0.03665067617192933
lavender-only-horizontal-run01,S24,0.18298538266593667,0.07631909303808986,-0.3321316528603105
lavender-only-horizontal-run01,S25,0.20631886952578757,0.058637868848260555,-0.008140312975466479
lavender-only-horizontal-run01,S26,0.20355655643875858,0.06489672326048987,-0.15987910235686847
lavender-only-horizontal-run01,S27,-0.0753551295789379,0.34366851308771695,0.0581599178031906
lavender-only-horizontal-run01,S28,0.20288248209847867,0.01134962003552369,0.22631411569158036
lavender-only-horizontal-run01,S29,0.20888761198082414,0.040576525588657125,0.050953258073598996
lavender-only-horizontal-run01,S30,0.1873059504878145,0.007475702432222711,0.31081117604700503
lavender-only-horizontal-run01,S31,-0.07489667813869022,0.34382990810419906,0.05881056242949908
lavender-only-horizontal-run01,S32,0.20502802391444055,0.03514325207795797,0.05920036434198928
inverted-caret-lavender-left-mint-right-run01,S1,0.19864002807160164,-0.0016429334101110296,0.020055991957156873
inverted-caret-lavender-left-mint-right-run01,S2,0.20340771746511033,-6.821720856774692e-05,0.01892508855295957
inverted-caret-lavender-left-mint-right-run01,S3,-0.002773744812366484,0.26552872006828415,-0.3701788734362419
inverted-caret-lavender-left-mint-right-run01,S4,0.21294210722936624,0.003063766013825169,0.01296646649037594
inverted-caret-lavender-left-mint-right-run01,S5,0.1996168878945847,0.004692207923265611,-0.008716623170569452
inverted-caret-lavender-left-mint-right-run01,S6,0.07648972659815942,0.015171641344820437,-0.09939464831766166
inverted-caret-lavender-left-mint-right-run01,S7,-0.007650559716019206,0.3640513786194486,-0.42190049273153446
inverted-caret-lavender-left-mint-right-run01,S8,0.18864037988443924,0.002955663364776755,-0.023024939242170257
inverted-caret-lavender-left-mint-right-run01,S9,0.20531290842010824,0.00016283957910823553,0.013580072629657923
inverted-caret-lavender-left-mint-right-run01,S10,0.1991429784448609,0.017727555322702655,-0.027154225270621526
inverted-caret-lavender-left-mint-right-run01,S11,-0.01083041878132964,0.42013695457640743,-0.29969538770705556
inverted-caret-lavender-left-mint-right-run01,S12,0.21621771455037803,0.0037483325046771257,-0.0021753205599050595
inverted-caret-lavender-left-mint-right-run01,S13,0.21598583187716996,0.002950980286495934,0.0038607636748361268
inverted-caret-lavender-left-mint-right-run01,S14,0.21507825606444775,0.003026789288892696,0.0067694687512429045
inverted-caret-lavender-left-mint-right-run01,S15,-0.02020461258718474,0.42165098980758836,-0.08975386771071567
inverted-caret-lavender-left-mint-right-run01,S16,0.21518054493898067,0.006350254130548896,0.00016888927905584926
inverted-caret-lavender-left-mint-right-run01,S17,0.21191583837593186,0.010517744633354595,0.00019722501816980343
inverted-caret-lavender-left-mint-right-run01,S18,0.2139307087751873,0.0071411162368376175,-0.007438197688473273
inverted-caret-lavender-left-mint-right-run01,S19,-0.006373612615056305,0.40198876932858574,0.1256994074691571
inverted-caret-lavender-left-mint-right-run01,S20,0.21640063168774748,0.003516884143489965,-0.00016782288372250957
inverted-caret-lavender-left-mint-right-run01,S21,0.21634521266618997,0.006080179925852727,-0.0011127443394669174
inverted-caret-lavender-left-mint-right-run01,S22,0.21254500852344513,0.001527411450185563,0.007153456506608563
inverted-caret-lavender-left-mint-right-run01,S23,-0.00571147117008062,0.37728584222774403,0.34157594614645687
inverted-caret-lavender-left-mint-right-run01,S24,0.19293595973259756,-0.004932600432855117,0.011940492836669182
inverted-caret-lavender-left-mint-right-run01,S25,0.21319617525446338,0.00010656275492721583,0.007044434456341967
inverted-caret-lavender-left-mint-right-run01,S26,0.21167293305111837,0.002243865639652876,0.0048223805685344515
inverted-caret-lavender-left-mint-right-run01,S27,0.008521628728452593,0.3166966703437544,0.46250140356943575
inverted-caret-lavender-left-mint-right-run01,S28,0.20308450708758444,0.007188282545674469,-0.026517063977681384
inverted-caret-lavender-left-mint-right-run01,S29,0.21549081492476382,0.006553845207476485,-0.005362489648925635
inverted-caret-lavender-left-mint-right-run01,S30,0.1867551600485917,-0.002291076574770309,-0.012325498212649506
inverted-caret-lavender-left-mint-right-run01,S31,0.0006985893426253918,0.1934310292831774,0.4763878534481335
inverted-caret-lavender-left-mint-right-run01,S32,0.21096362058178042,0.0015666279881427056,-0.012601041536028524
