session,channel,raw_vmin_kohm,raw_vmax_kohm,robust_vmin,robust_vmax
mint-only-horizontal-run01,S1,2.9245128591572747,3.0109594811632214,-3.0,3.0
caret-mint-left-lavender-right-run01,S1,2.9245128591572747,3.0109594811632214,-3.0,3.0
caret-lavender-left-mint-right-run01,S1,2.9245128591572747,3.0109594811632214,-3.0,3.0
lavender-only-horizontal-run01,S1,2.9245128591572747,3.0109594811632214,-3.0,3.0
inverted-caret-lavender-left-mint-right-run01,S1,2.9245128591572747,3.0109594811632214,-3.0,3.0
mint-only-horizontal-run01,S2,3.043824672108626,3.1237142441446313,-3.0,3.0
caret-mint-left-lavender-right-run01,S2,3.043824672108626,3.1237142441446313,-3.0,3.0
caret-lavender-left-mint-right-run01,S2,3.043824672108626,3.1237142441446313,-3.0,3.0
lavender-only-horizontal-run01,S2,3.043824672108626,3.1237142441446313,-3.0,3.0
inverted-caret-lavender-left-mint-right-run01,S2,3.043824672108626,3.1237142441446313,-3.0,3.0
mint-only-horizontal-run01,S3,1.8811272263526917,2.207766251754024,-3.0,3.0
caret-mint-left-lavender-right-run01,S3,1.8811272263526917,2.207766251754024,-3.0,3.0
caret-lavender-left-mint-right-run01,S3,1.8811272263526917,2.207766251754024,-3.0,3.0
lavender-only-horizontal-run01,S3,1.8811272263526917,2.207766251754024,-3.0,3.0
inverted-caret-lavender-left-mint-right-run01,S3,1.8811272263526917,2.207766251754024,-3.0,3.0
mint-only-horizontal-run01,S4,1.3460363296886027,1.3896875089934506,-3.0,3.0
caret-mint-left-lavender-right-run01,S4,1.3460363296886027,1.3896875089934506,-3.0,3.0
caret-lavender-left-mint-right-run01,S4,1.3460363296886027,1.3896875089934506,-3.0,3.0
lavender-only-horizontal-run01,S4,1.3460363296886027,1.3896875089934506,-3.0,3.0
inverted-caret-lavender-left-mint-right-run01,S4,1.3460363296886027,1.3896875089934506,-3.0,3.0
mint-only-horizontal-run01,S5,1.1008339368961226,1.1129714566169024,-3.0,3.0
caret-mint-left-lavender-right-run01,S5,1.1008339368961226,1.1129714566169024,-3.0,3.0
caret-lavender-left-mint-right-run01,S5,1.1008339368961226,1.1129714566169024,-3.0,3.0
lavender-only-horizontal-run01,S5,1.1008339368961226,1.1129714566169024,-3.0,3.0
inverted-caret-lavender-left-mint-right-run01,S5,1.1008339368961226,1.1129714566169024,-3.0,3.0
mint-only-horizontal-run01,S6,0.48045984506607053,0.48239785134792323,-3.0,3.0
caret-mint-left-lavender-right-run01,S6,0.48045984506607053,0.48239785134792323,-3.0,3.0
caret-lavender-left-mint-right-run01,S6,0.48045984506607053,0.48239785134792323,-3.0,3.0
lavender-only-horizontal-run01,S6,0.48045984506607053,0.48239785134792323,-3.0,3.0
inverted-caret-lavender-left-mint-right-run01,S6,0.48045984506607053,0.48239785134792323,-3.0,3.0
mint-only-horizontal-run01,S7,0.8121983170509338,2.208185714913766,-3.0,3.0
caret-mint-left-lavender-right-run01,S7,0.8121983170509338,2.208185714913766,-3.0,3.0
caret-lavender-left-mint-right-run01,S7,0.8121983170509338,2.208185714913766,-3.0,3.0
lavender-only-horizontal-run01,S7,0.8121983170509338,2.208185714913766,-3.0,3.0
inverted-caret-lavender-left-mint-right-run01,S7,0.8121983170509338,2.208185714913766,-3.0,3.0
mint-only-horizontal-run01,S8,1.1905398339033126,1.2039776685747492,-3.0,3.0
caret-mint-left-lavender-right-run01,S8,1.1905398339033126,1.2039776685747492,-3.0,3.0
caret-lavender-left-mint-right-run01,S8,1.1905398339033126,1.2039776685747492,-3.0,3.0
lavender-only-horizontal-run01,S8,1.1905398339033126,1.2039776685747492,-3.0,3.0
inverted-caret-lavender-left-mint-right-run01,S8,1.1905398339033126,1.2039776685747492,-3.0,3.0
mint-only-horizontal-run01,S9,1.0456226487724687,1.0582571706623498,-3.0,3.0
caret-mint-left-lavender-right-run01,S9,1.0456226487724687,1.0582571706623498,-3.0,3.0
caret-lavender-left-mint-right-run01,S9,1.0456226487724687,1.0582571706623498,-3.0,3.0
lavender-only-horizontal-run01,S9,1.0456226487724687,1.0582571706623498,-3.0,3.0
inverted-caret-lavender-left-mint-right-run01,S9,1.0456226487724687,1.0582571706623498,-3.0,3.0
mint-only-horizontal-run01,S10,1.5003437995910645,1.50127930225869,-3.0,3.0
caret-mint-left-lavender-right-run01,S10,1.5003437995910645,1.50127930225869,-3.0,3.0
caret-lavender-left-mint-right-run01,S10,1.5003437995910645,1.50127930225869,-3.0,3.0
lavender-only-horizontal-run01,S10,1.5003437995910645,1.50127930225869,-3.0,3.0
inverted-caret-lavender-left-mint-right-run01,S10,1.5003437995910645,1.50127930225869,-3.0,3.0
mint-only-horizontal-run01,S11,0.9497670352458953,2.207981977051413,-3.0,3.0
caret-mint-left-lavender-right-run01,S11,0.9497670352458953,2.207981977051413,-3.0,3.0
caret-lavender-left-mint-right-run01,S11,0.9497670352458953,2.207981977051413,-3.0,3.0
lavender-only-horizontal-run01,S11,0.9497670352458953,2.207981977051413,-3.0,3.0
inverted-caret-lavender-left-mint-right-run01,S11,0.9497670352458953,2.207981977051413,-3.0,3.0
mint-only-horizontal-run01,S12,0.8883059620857239,0.8960312480640799,-3.0,3.0
caret-mint-left-lavender-right-run01,S12,0.8883059620857239,0.8960312480640799,-3.0,3.0
caret-lavender-left-mint-right-run01,S12,0.8883059620857239,0.8960312480640799,-3.0,3.0
lavender-only-horizontal-run01,S12,0.8883059620857239,0.8960312480640799,-3.0,3.0
inverted-caret-lavender-left-mint-right-run01,S12,0.8883059620857239,0.8960312480640799,-3.0,3.0
mint-only-horizontal-run01,S13,1.0079004672501457,1.0154246925349673,-3.0,3.0
caret-mint-left-lavender-right-run01,S13,1.0079004672501457,1.0154246925349673,-3.0,3.0
caret-lavender-left-mint-right-run01,S13,1.0079004672501457,1.0154246925349673,-3.0,3.0
lavender-only-horizontal-run01,S13,1.0079004672501457,1.0154246925349673,-3.0,3.0
inverted-caret-lavender-left-mint-right-run01,S13,1.0079004672501457,1.0154246925349673,-3.0,3.0
mint-only-horizontal-run01,S14,0.957782596294872,0.9636527052685583,-3.0,3.0
caret-mint-left-lavender-right-run01,S14,0.957782596294872,0.9636527052685583,-3.0,3.0
caret-lavender-left-mint-right-run01,S14,0.957782596294872,0.9636527052685583,-3.0,3.0
lavender-only-horizontal-run01,S14,0.957782596294872,0.9636527052685583,-3.0,3.0
inverted-caret-lavender-left-mint-right-run01,S14,0.957782596294872,0.9636527052685583,-3.0,3.0
mint-only-horizontal-run01,S15,1.2378296971321106,2.208034083385642,-3.0,3.0
caret-mint-left-lavender-right-run01,S15,1.2378296971321106,2.208034083385642,-3.0,3.0
caret-lavender-left-mint-right-run01,S15,1.2378296971321106,2.208034083385642,-3.0,3.0
lavender-only-horizontal-run01,S15,1.2378296971321106,2.208034083385642,-3.0,3.0
inverted-caret-lavender-left-mint-right-run01,S15,1.2378296971321106,2.208034083385642,-3.0,3.0
mint-only-horizontal-run01,S16,0.6388820976018905,0.6411569499138362,-3.0,3.0
caret-mint-left-lavender-right-run01,S16,0.6388820976018905,0.6411569499138362,-3.0,3.0
caret-lavender-left-mint-right-run01,S16,0.6388820976018905,0.6411569499138362,-3.0,3.0
lavender-only-horizontal-run01,S16,0.6388820976018905,0.6411569499138362,-3.0,3.0
inverted-caret-lavender-left-mint-right-run01,S16,0.6388820976018905,0.6411569499138362,-3.0,3.0
mint-only-horizontal-run01,S17,1.9790409746165256,2.0013250494588015,-3.0,3.0
caret-mint-left-lavender-right-run01,S17,1.9790409746165256,2.0013250494588015,-3.0,3.0
caret-lavender-left-mint-right-run01,S17,1.9790409746165256,2.0013250494588015,-3.0,3.0
lavender-only-horizontal-run01,S17,1.9790409746165256,2.0013250494588015,-3.0,3.0
inverted-caret-lavender-left-mint-right-run01,S17,1.9790409746165256,2.0013250494588015,-3.0,3.0
mint-only-horizontal-run01,S18,0.976205811385255,0.9874267641917687,-3.0,3.0
caret-mint-left-lavender-right-run01,S18,0.976205811385255,0.9874267641917687,-3.0,3.0
caret-lavender-left-mint-right-run01,S18,0.976205811385255,0.9874267641917687,-3.0,3.0
lavender-only-horizontal-run01,S18,0.976205811385255,0.9874267641917687,-3.0,3.0
inverted-caret-lavender-left-mint-right-run01,S18,0.976205811385255,0.9874267641917687,-3.0,3.0
mint-only-horizontal-run01,S19,1.5156265854835511,2.2079080204860153,-3.0,3.0
caret-mint-left-lavender-right-run01,S19,1.5156265854835511,2.2079080204860153,-3.0,3.0
caret-lavender-left-mint-right-run01,S19,1.5156265854835511,2.2079080204860153,-3.0,3.0
lavender-only-horizontal-run01,S19,1.5156265854835511,2.2079080204860153,-3.0,3.0
inverted-caret-lavender-left-mint-right-run01,S19,1.5156265854835511,2.2079080204860153,-3.0,3.0
mint-only-horizontal-run01,S20,1.0029110538672454,1.0152117195459385,-3.0,3.0
caret-mint-left-lavender-right-run01,S20,1.0029110538672454,1.0152117195459385,-3.0,3.0
caret-lavender-left-mint-right-run01,S20,1.0029110538672454,1.0152117195459385,-3.0,3.0
lavender-only-horizontal-run01,S20,1.0029110538672454,1.0152117195459385,-3.0,3.0
inverted-caret-lavender-left-mint-right-run01,S20,1.0029110538672454,1.0152117195459385,-3.0,3.0
mint-only-horizontal-run01,S21,0.7655886933598179,0.7704472155659978,-3.0,3.0
caret-mint-left-lavender-right-run01,S21,0.7655886933598179,0.7704472155659978,-3.0,3.0
caret-lavender-left-mint-right-run01,S21,0.7655886933598179,0.7704472155659978,-3.0,3.0
lavender-only-horizontal-run01,S21,0.7655886933598179,0.7704472155659978,-3.0,3.0
inverted-caret-lavender-left-mint-right-run01,S21,0.7655886933598179,0.7704472155659978,-3.0,3.0
mint-only-horizontal-run01,S22,0.8101108194067695,0.814184215710483,-3.0,3.0
caret-mint-left-lavender-right-run01,S22,0.8101108194067695,0.814184215710483,-3.0,3.0
caret-lavender-left-mint-right-run01,S22,0.8101108194067695,0.814184215710483,-3.0,3.0
lavender-only-horizontal-run01,S22,0.8101108194067695,0.814184215710483,-3.0,3.0
inverted-caret-lavender-left-mint-right-run01,S22,0.8101108194067695,0.814184215710483,-3.0,3.0
mint-only-horizontal-run01,S23,0.7157892227172852,2.208074701803041,-3.0,3.0
caret-mint-left-lavender-right-run01,S23,0.7157892227172852,2.208074701803041,-3.0,3.0
caret-lavender-left-mint-right-run01,S23,0.7157892227172852,2.208074701803041,-3.0,3.0
lavender-only-horizontal-run01,S23,0.7157892227172852,2.208074701803041,-3.0,3.0
inverted-caret-lavender-left-mint-right-run01,S23,0.7157892227172852,2.208074701803041,-3.0,3.0
mint-only-horizontal-run01,S24,1.1739744032810735,1.182360609445263,-3.0,3.0
caret-mint-left-lavender-right-run01,S24,1.1739744032810735,1.182360609445263,-3.0,3.0
caret-lavender-left-mint-right-run01,S24,1.1739744032810735,1.182360609445263,-3.0,3.0
lavender-only-horizontal-run01,S24,1.1739744032810735,1.182360609445263,-3.0,3.0
inverted-caret-lavender-left-mint-right-run01,S24,1.1739744032810735,1.182360609445263,-3.0,3.0
mint-only-horizontal-run01,S25,1.8171166837215424,1.8272957335245912,-3.0,3.0
caret-mint-left-lavender-right-run01,S25,1.8171166837215424,1.8272957335245912,-3.0,3.0
caret-lavender-left-mint-right-run01,S25,1.8171166837215424,1.8272957335245912,-3.0,3.0
lavender-only-horizontal-run01,S25,1.8171166837215424,1.8272957335245912,-3.0,3.0
inverted-caret-lavender-left-mint-right-run01,S25,1.8171166837215424,1.8272957335245912,-3.0,3.0
mint-only-horizontal-run01,S26,1.3613992923264826,1.3942750384349134,-3.0,3.0
caret-mint-left-lavender-right-run01,S26,1.3613992923264826,1.3942750384349134,-3.0,3.0
caret-lavender-left-mint-right-run01,S26,1.3613992923264826,1.3942750384349134,-3.0,3.0
lavender-only-horizontal-run01,S26,1.3613992923264826,1.3942750384349134,-3.0,3.0
inverted-caret-lavender-left-mint-right-run01,S26,1.3613992923264826,1.3942750384349134,-3.0,3.0
mint-only-horizontal-run01,S27,1.0509117245674133,2.207875506873863,-3.0,3.0
caret-mint-left-lavender-right-run01,S27,1.0509117245674133,2.207875506873863,-3.0,3.0
caret-lavender-left-mint-right-run01,S27,1.0509117245674133,2.207875506873863,-3.0,3.0
lavender-only-horizontal-run01,S27,1.0509117245674133,2.207875506873863,-3.0,3.0
inverted-caret-lavender-left-mint-right-run01,S27,1.0509117245674133,2.207875506873863,-3.0,3.0
mint-only-horizontal-run01,S28,1.1427292466913652,1.1743136102216205,-3.0,3.0
caret-mint-left-lavender-right-run01,S28,1.1427292466913652,1.1743136102216205,-3.0,3.0
caret-lavender-left-mint-right-run01,S28,1.1427292466913652,1.1743136102216205,-3.0,3.0
lavender-only-horizontal-run01,S28,1.1427292466913652,1.1743136102216205,-3.0,3.0
inverted-caret-lavender-left-mint-right-run01,S28,1.1427292466913652,1.1743136102216205,-3.0,3.0
mint-only-horizontal-run01,S29,1.060041111206975,1.0875955388586795,-3.0,3.0
caret-mint-left-lavender-right-run01,S29,1.060041111206975,1.0875955388586795,-3.0,3.0
caret-lavender-left-mint-right-run01,S29,1.060041111206975,1.0875955388586795,-3.0,3.0
lavender-only-horizontal-run01,S29,1.060041111206975,1.0875955388586795,-3.0,3.0
inverted-caret-lavender-left-mint-right-run01,S29,1.060041111206975,1.0875955388586795,-3.0,3.0
mint-only-horizontal-run01,S30,0.8078170359134674,0.8118643195372525,-3.0,3.0
caret-mint-left-lavender-right-run01,S30,0.8078170359134674,0.8118643195372525,-3.0,3.0
caret-lavender-left-mint-right-run01,S30,0.8078170359134674,0.8118643195372525,-3.0,3.0
lavender-only-horizontal-run01,S30,0.8078170359134674,0.8118643195372525,-3.0,3.0
inverted-caret-lavender-left-mint-right-run01,S30,0.8078170359134674,0.8118643195372525,-3.0,3.0
mint-only-horizontal-run01,S31,1.3204978585243226,2.2080492973327637,-3.0,3.0
caret-mint-left-lavender-right-run01,S31,1.3204978585243226,2.2080492973327637,-3.0,3.0
caret-lavender-left-mint-right-run01,S31,1.3204978585243226,2.2080492973327637,-3.0,3.0
lavender-only-horizontal-run01,S31,1.3204978585243226,2.2080492973327637,-3.0,3.0
inverted-caret-lavender-left-mint-right-run01,S31,1.3204978585243226,2.2080492973327637,-3.0,3.0
mint-only-horizontal-run01,S32,0.7100012247699646,0.7165116459110028,-3.0,3.0
caret-mint-left-lavender-right-run01,S32,0.7100012247699646,0.7165116459110028,-3.0,3.0
caret-lavender-left-mint-right-run01,S32,0.7100012247699646,0.7165116459110028,-3.0,3.0
lavender-only-horizontal-run01,S32,0.7100012247699646,0.7165116459110028,-3.0,3.0
inverted-caret-lavender-left-mint-right-run01,S32,0.7100012247699646,0.7165116459110028,-3.0,3.0
