session,channel,q01_kohm,q25_kohm,median_kohm,q75_kohm,q99_kohm
mint-only-horizontal-run01,S1,2.927653851509094,2.931700050830841,2.938992500305176,2.9537086486816406,3.0152543926239015
mint-only-horizontal-run01,S2,3.0458838891983033,3.0497967004776,3.057017683982849,3.070952892303467,3.1235093665122986
mint-only-horizontal-run01,S3,2.2041881799697878,2.2050992250442505,2.207214117050171,2.2074776887893677,2.2078656363487243
mint-only-horizontal-run01,S4,1.347960925102234,1.3513484001159668,1.3561438918113708,1.3627804815769196,1.388022357225418
mint-only-horizontal-run01,S5,1.1005471515655518,1.1025143265724182,1.1037112474441528,1.1049242317676544,1.1085159158706666
mint-only-horizontal-run01,S6,0.48218009442090987,0.4822794944047928,0.4823112338781357,0.4823419228196144,0.48242054849863053
mint-only-horizontal-run01,S7,2.2044504380226133,2.205511450767517,2.207472562789917,2.207868456840515,2.208316025733948
mint-only-horizontal-run01,S8,1.1901423883438111,1.1928181052207947,1.1941543221473694,1.1952246725559235,1.1988645660877228
mint-only-horizontal-run01,S9,1.0469681429862976,1.0481236577033997,1.0495976209640503,1.051812320947647,1.058701331615448
mint-only-horizontal-run01,S10,1.5004105699062347,1.500549554824829,1.500663697719574,1.5007798373699188,1.5011626291275024
mint-only-horizontal-run01,S11,2.204275448322296,2.2053595185279846,2.2073038816452026,2.2076792120933533,2.2080410289764405
mint-only-horizontal-run01,S12,0.888487253189087,0.8896600753068924,0.8905702829360962,0.8915744423866272,0.8946634441614151
mint-only-horizontal-run01,S13,1.0079016709327697,1.0089443624019623,1.0097800493240356,1.0107999742031097,1.0139908254146577
mint-only-horizontal-run01,S14,0.9578744745254517,0.9584958404302597,0.9592165946960449,0.96007439494133,0.9627986061573028
mint-only-horizontal-run01,S15,2.204466586112976,2.205459952354431,2.2074086666107178,2.2077397108078003,2.2081129646301267
mint-only-horizontal-run01,S16,0.6389214569330215,0.6391822099685669,0.6394406855106354,0.639734759926796,0.6407067370414734
mint-only-horizontal-run01,S17,1.9792774164676665,1.9823267459869385,1.984800100326538,1.9879235923290253,1.9994477450847625
mint-only-horizontal-run01,S18,0.9760872262716294,0.9780627638101578,0.9793454110622406,0.9807531833648682,0.9852217364311219
mint-only-horizontal-run01,S19,2.204344756603241,2.2052887678146362,2.2073605060577393,2.2076371908187866,2.2080238032341004
mint-only-horizontal-run01,S20,1.0031867837905883,1.0048916339874268,1.0062952041625977,1.0080644488334656,1.0137140047550202
mint-only-horizontal-run01,S21,0.7656028175354004,0.7662983536720276,0.766843169927597,0.767495334148407,0.7695111429691315
mint-only-horizontal-run01,S22,0.8103359937667847,0.8107217997312546,0.811224639415741,0.8118815422058105,0.814060166478157
mint-only-horizontal-run01,S23,2.2043449449539185,2.2055148482322693,2.2074209451675415,2.207794666290283,2.2081007957458496
mint-only-horizontal-run01,S24,1.1746592831611633,1.1755702495574951,1.1763986945152283,1.177917093038559,1.1830615150928496
mint-only-horizontal-run01,S25,1.816787428855896,1.8179808259010315,1.818749487400055,1.8197034299373627,1.823243601322174
mint-only-horizontal-run01,S26,1.3631997752189635,1.3661631345748901,1.3697203397750854,1.3742766976356506,1.3906410813331604
mint-only-horizontal-run01,S27,2.2043701577186585,2.2053146362304688,2.207337498664856,2.207645356655121,2.207953734397888
mint-only-horizontal-run01,S28,1.1424999141693115,1.1480472087860107,1.1512218713760376,1.1538831293582916,1.1628931164741516
mint-only-horizontal-run01,S29,1.0600227534770965,1.0643885433673859,1.0673595666885376,1.0708507001399994,1.0810153245925904
mint-only-horizontal-run01,S30,0.8076576089859009,0.8083087801933289,0.8086076974868774,0.808865562081337,0.8096360021829605
mint-only-horizontal-run01,S31,2.204398126602173,2.2054006457328796,2.207400679588318,2.2077929377555847,2.2081153535842897
mint-only-horizontal-run01,S32,0.7100515860319138,0.7111419588327408,0.7118577361106873,0.7125125527381897,0.7146932452917099
caret-mint-left-lavender-right-run01,S1,2.922946753501892,2.938618779182434,2.955153703689575,2.9728825092315674,3.004448890686035
caret-mint-left-lavender-right-run01,S2,3.0429344177246094,3.0583895444869995,3.0740556716918945,3.0903795957565308,3.1185157108306885
caret-mint-left-lavender-right-run01,S3,2.204226922988892,2.2052111625671387,2.207209587097168,2.2074692249298096,2.207805328369141
caret-mint-left-lavender-right-run01,S4,1.345629904270172,1.358842372894287,1.3670769929885864,1.3746506571769714,1.3882972383499146
caret-mint-left-lavender-right-run01,S5,1.1007845759391786,1.1055662631988525,1.1078871488571167,1.1091740727424622,1.1118815231323242
caret-mint-left-lavender-right-run01,S6,0.48190966188907625,0.48202377557754517,0.48206210136413574,0.4821031242609024,0.4821543562412262
caret-mint-left-lavender-right-run01,S7,2.2044842863082885,2.205550789833069,2.2075002193450928,2.2078415155410767,2.20823353767395
caret-mint-left-lavender-right-run01,S8,1.19048757314682,1.196084439754486,1.1992435455322266,1.200635015964508,1.203671944141388
caret-mint-left-lavender-right-run01,S9,1.0460607624053955,1.0495365858078003,1.052207589149475,1.054688274860382,1.0584351778030396
caret-mint-left-lavender-right-run01,S10,1.5003131914138794,1.5007288455963135,1.5008763074874878,1.5009970664978027,1.5012467312812805
caret-mint-left-lavender-right-run01,S11,2.2044914388656616,2.2053173780441284,2.2073118686676025,2.2076501846313477,2.207967519760132
caret-mint-left-lavender-right-run01,S12,0.8881414365768433,0.8914699852466583,0.8929259777069092,0.894012451171875,0.896072416305542
caret-mint-left-lavender-right-run01,S13,1.007666702270508,1.01076340675354,1.0121710300445557,1.0132908821105957,1.0151327109336854
caret-mint-left-lavender-right-run01,S14,0.9575264632701874,0.959854930639267,0.9609984159469604,0.9619264304637909,0.9635260975360871
caret-mint-left-lavender-right-run01,S15,2.2043979597091674,2.2053922414779663,2.20736026763916,2.2077229022979736,2.2080611991882324
caret-mint-left-lavender-right-run01,S16,0.6387455070018768,0.6397087275981903,0.6401195526123047,0.6404466927051544,0.6410142767429352
caret-mint-left-lavender-right-run01,S17,1.9787518572807312,1.9869816899299622,1.9906067848205566,1.993888258934021,2.000229253768921
caret-mint-left-lavender-right-run01,S18,0.9760498535633088,0.9810303449630737,0.9829990267753601,0.984378844499588,0.987145013809204
caret-mint-left-lavender-right-run01,S19,2.2043677377700805,2.2052438259124756,2.2073659896850586,2.2076427936553955,2.207923631668091
caret-mint-left-lavender-right-run01,S20,1.0026472806930542,1.0075352787971497,1.0098297595977783,1.0116370916366577,1.014970588684082
caret-mint-left-lavender-right-run01,S21,0.7654250931739807,0.767456442117691,0.7683149576187134,0.76896533370018,0.7701522278785705
caret-mint-left-lavender-right-run01,S22,0.8100377202033997,0.8115250170230865,0.812309741973877,0.8130264282226562,0.8141480922698975
caret-mint-left-lavender-right-run01,S23,2.2043339109420774,2.2054942846298218,2.207371234893799,2.2077492475509644,2.2080653619766237
caret-mint-left-lavender-right-run01,S24,1.1740992856025696,1.1762943267822266,1.1780147552490234,1.179815948009491,1.1823812222480774
caret-mint-left-lavender-right-run01,S25,1.81762779712677,1.8208023309707642,1.8224793672561646,1.823632836341858,1.8262622117996217
caret-mint-left-lavender-right-run01,S26,1.3610195517539978,1.3719863295555115,1.3778345584869385,1.383442759513855,1.3937616205215455
caret-mint-left-lavender-right-run01,S27,2.204170641899109,2.2052561044692993,2.207312822341919,2.207603931427002,2.2078854703903197
caret-mint-left-lavender-right-run01,S28,1.1421311235427856,1.1552613973617554,1.162304401397705,1.1655049920082092,1.1737624073028565
caret-mint-left-lavender-right-run01,S29,1.0595145964622497,1.0710393786430359,1.075618863105774,1.0790236592292786,1.0858517169952393
caret-mint-left-lavender-right-run01,S30,0.8079007077217102,0.8092702627182007,0.8100988268852234,0.810471773147583,0.8111346745491028
caret-mint-left-lavender-right-run01,S31,2.2044263315200805,2.2053815126419067,2.2073516845703125,2.2077345848083496,2.2080744457244874
caret-mint-left-lavender-right-run01,S32,0.7097773814201355,0.7127387523651123,0.7140007019042969,0.7147705852985382,0.7164392054080964
caret-lavender-left-mint-right-run01,S1,2.919596347808838,2.940284013748169,2.9543161392211914,2.9710798263549805,3.0115553760528564
caret-lavender-left-mint-right-run01,S2,3.0394360065460204,3.0607340335845947,3.0740654468536377,3.089019536972046,3.125648317337036
caret-lavender-left-mint-right-run01,S3,2.2042435359954835,2.205021619796753,2.2071139812469482,2.2074217796325684,2.207768135070801
caret-lavender-left-mint-right-run01,S4,1.3443541765213012,1.361066460609436,1.3679612874984741,1.3744721412658691,1.3915922737121582
caret-lavender-left-mint-right-run01,S5,1.1019163084030152,1.107373833656311,1.1087377071380615,1.1100437641143799,1.1139686346054076
caret-lavender-left-mint-right-run01,S6,0.48140793681144717,0.4816778600215912,0.4817054271697998,0.4817263185977936,0.4817649614810944
caret-lavender-left-mint-right-run01,S7,2.204472904205322,2.205242872238159,2.207327127456665,2.2077796459198,2.2081956577301027
caret-lavender-left-mint-right-run01,S8,1.1913525152206421,1.1977720260620117,1.1993300914764404,1.2009035348892212,1.2050990533828736
caret-lavender-left-mint-right-run01,S9,1.0444222259521485,1.0497714281082153,1.052095890045166,1.0542529821395874,1.0586887454986573
caret-lavender-left-mint-right-run01,S10,1.5002172565460206,1.5007797479629517,1.5008985996246338,1.5010074377059937,1.5013233280181886
caret-lavender-left-mint-right-run01,S11,2.204259796142578,2.205265522003174,2.2072203159332275,2.2076048851013184,2.20794472694397
caret-lavender-left-mint-right-run01,S12,0.8882076787948608,0.8920087814331055,0.8930984139442444,0.8939733505249023,0.8964456176757812
caret-lavender-left-mint-right-run01,S13,1.0080737924575807,1.011554479598999,1.012579083442688,1.0134049654006958,1.0159187841415405
caret-lavender-left-mint-right-run01,S14,0.9578375148773194,0.9604100584983826,0.9612471461296082,0.96197909116745,0.9638915896415711
caret-lavender-left-mint-right-run01,S15,2.204338884353638,2.2053370475769043,2.2073323726654053,2.207711696624756,2.208018589019775
caret-lavender-left-mint-right-run01,S16,0.6389390516281128,0.6399778127670288,0.6402665972709656,0.6405087113380432,0.6412484693527222
caret-lavender-left-mint-right-run01,S17,1.9786878490447999,1.9883993864059448,1.9911284446716309,1.9936637878417969,2.001972312927246
caret-lavender-left-mint-right-run01,S18,0.9764303207397461,0.9819481372833252,0.9833356142044067,0.9844774007797241,0.988294198513031
caret-lavender-left-mint-right-run01,S19,2.2043714714050293,2.2052340507507324,2.2071733474731445,2.2075860500335693,2.207930870056152
caret-lavender-left-mint-right-run01,S20,1.0027454662322999,1.008500576019287,1.0101888179779053,1.0116896629333496,1.0156498765945434
caret-lavender-left-mint-right-run01,S21,0.7656577324867249,0.7679334282875061,0.7685460448265076,0.7690778374671936,0.7707313871383668
caret-lavender-left-mint-right-run01,S22,0.8100016617774963,0.8117656111717224,0.8124511241912842,0.8129629492759705,0.8143775939941407
caret-lavender-left-mint-right-run01,S23,2.2043247413635254,2.2052218914031982,2.207329034805298,2.2077243328094482,2.208075637817383
caret-lavender-left-mint-right-run01,S24,1.1731094121932983,1.1764960289001465,1.1780649423599243,1.1794626712799072,1.1824165487289429
caret-lavender-left-mint-right-run01,S25,1.8195181322097778,1.8225481510162354,1.82362699508667,1.8245829343795776,1.8278602457046509
caret-lavender-left-mint-right-run01,S26,1.3604419374465941,1.373490333557129,1.3788788318634033,1.3832322359085083,1.3970951890945436
caret-lavender-left-mint-right-run01,S27,2.204251556396484,2.2051773071289062,2.2071549892425537,2.2075469493865967,2.2078469085693357
caret-lavender-left-mint-right-run01,S28,1.1435519170761108,1.158830165863037,1.1624375581741333,1.166050910949707,1.1767840099334717
caret-lavender-left-mint-right-run01,S29,1.060253610610962,1.0731360912322998,1.0766496658325195,1.0796449184417725,1.0895243215560912
caret-lavender-left-mint-right-run01,S30,0.8086540794372559,0.8101989030838013,0.8105781078338623,0.8109888434410095,0.8119479274749756
caret-lavender-left-mint-right-run01,S31,2.2043600940704344,2.205387592315674,2.207315444946289,2.2077112197875977,2.208046541213989
caret-lavender-left-mint-right-run01,S32,0.7100756025314331,0.7133153080940247,0.7141713500022888,0.7148335576057434,0.7169971179962158
lavender-only-horizontal-run01,S1,2.924745888710022,2.9379740953445435,2.947270154953003,2.9653071761131287,3.011587767601013
lavender-only-horizontal-run01,S2,3.0435660529136657,3.0578376054763794,3.0670528411865234,3.082897126674652,3.1244048142433165
lavender-only-horizontal-run01,S3,1.8176683390140533,1.9344919621944427,2.179064154624939,2.206290602684021,2.207659993171692
lavender-only-horizontal-run01,S4,1.345707346200943,1.3587305843830109,1.3639618754386902,1.3714392483234406,1.3893554854393004
lavender-only-horizontal-run01,S5,1.1016818153858186,1.107018530368805,1.1081922054290771,1.1093632578849792,1.1119866585731506
lavender-only-horizontal-run01,S6,0.4809215182065964,0.48102399706840515,0.48107773065567017,0.4811089411377907,0.4811548501253128
lavender-only-horizontal-run01,S7,0.8114270198345185,1.7560502886772156,2.1597224473953247,2.2055752277374268,2.208075747489929
lavender-only-horizontal-run01,S8,1.19110769033432,1.1971416175365448,1.1984519958496094,1.1995513141155243,1.2020895349979401
lavender-only-horizontal-run01,S9,1.0455591869354248,1.0484371483325958,1.0501447319984436,1.0526176691055298,1.0578571128845216
lavender-only-horizontal-run01,S10,1.5003962862491607,1.5007685422897339,1.5008748769760132,1.5009887516498566,1.5012360513210297
lavender-only-horizontal-run01,S11,0.9434538263082505,1.7182501554489136,2.15517520904541,2.206028699874878,2.207865436077118
lavender-only-horizontal-run01,S12,0.8882095390558242,0.8912418931722641,0.8922092914581299,0.8932808935642242,0.8956935596466065
lavender-only-horizontal-run01,S13,1.008185431957245,1.0112354755401611,1.01211416721344,1.0131221115589142,1.01532674908638
lavender-only-horizontal-run01,S14,0.9579912787675857,0.9602208137512207,0.9609224796295166,0.9618044942617416,0.9637375301122666
lavender-only-horizontal-run01,S15,1.2356582593917846,1.789582073688507,2.1630783081054688,2.2054266333580017,2.2079033970832826
lavender-only-horizontal-run01,S16,0.6390480583906174,0.6399335414171219,0.6402016282081604,0.640514463186264,0.6411616617441177
lavender-only-horizontal-run01,S17,1.9790648114681244,1.9875173568725586,1.9902401566505432,1.9934087991714478,2.0008026218414305
lavender-only-horizontal-run01,S18,0.9765281254053115,0.9814258813858032,0.9826286733150482,0.9839819073677063,0.9867903053760528
lavender-only-horizontal-run01,S19,1.5057768368721007,1.8878368735313416,2.1741045713424683,2.2066314816474915,2.207757475376129
lavender-only-horizontal-run01,S20,1.002852487564087,1.0076684355735779,1.009156882762909,1.0109468698501587,1.014681943655014
lavender-only-horizontal-run01,S21,0.7657814288139343,0.767777755856514,0.7683367133140564,0.76897132396698,0.7702661418914795
lavender-only-horizontal-run01,S22,0.8100868129730224,0.8115300834178925,0.8120603263378143,0.8127064853906631,0.8140752083063125
lavender-only-horizontal-run01,S23,0.715038143992424,1.6868727207183838,2.1486170291900635,2.20545095205307,2.2079426550865175
lavender-only-horizontal-run01,S24,1.173903419971466,1.1757532358169556,1.1769129633903503,1.1785409450531006,1.1822607958316802
lavender-only-horizontal-run01,S25,1.8199105668067932,1.8228040933609009,1.8237094283103943,1.8248112499713898,1.8273127746582032
lavender-only-horizontal-run01,S26,1.3607747101783751,1.3708716332912445,1.3748814463615417,1.3802485167980194,1.3923231959342957
lavender-only-horizontal-run01,S27,1.0459837925434112,1.704014003276825,2.1501195430755615,2.205278515815735,2.207758514881134
lavender-only-horizontal-run01,S28,1.1433784246444703,1.156428337097168,1.1594584584236145,1.1622636020183563,1.1685124230384827
lavender-only-horizontal-run01,S29,1.060417858362198,1.071925699710846,1.0749595761299133,1.0783563256263733,1.0854893946647644
lavender-only-horizontal-run01,S30,0.8089751446247101,0.8104850053787231,0.8107835650444031,0.8110563009977341,0.8116747331619263
lavender-only-horizontal-run01,S31,1.3166418027877809,1.8120878338813782,2.163465142250061,2.20551598072052,2.2079337191581727
lavender-only-horizontal-run01,S32,0.7099545949697494,0.7128415554761887,0.7135385274887085,0.7142994999885559,0.7159612029790878
inverted-caret-lavender-left-mint-right-run01,S1,2.92196102142334,2.938203990459442,2.9504787921905518,2.9639214277267456,3.004070317745209
inverted-caret-lavender-left-mint-right-run01,S2,3.0412067651748655,3.0590420961380005,3.070812702178955,3.082474648952484,3.1194720029830934
inverted-caret-lavender-left-mint-right-run01,S3,2.2041982007026673,2.205094873905182,2.2072181701660156,2.2074471712112427,2.207884044647217
inverted-caret-lavender-left-mint-right-run01,S4,1.3443274068832398,1.3593457341194153,1.3659008741378784,1.3713496327400208,1.3895972394943237
inverted-caret-lavender-left-mint-right-run01,S5,1.1017828488349914,1.1073517799377441,1.1086121797561646,1.109770506620407,1.1131234788894653
inverted-caret-lavender-left-mint-right-run01,S6,0.48041439056396484,0.48051073402166367,0.4805551618337631,0.4805934876203537,0.4806365668773651
inverted-caret-lavender-left-mint-right-run01,S7,2.2044616079330446,2.205472946166992,2.207451820373535,2.207818865776062,2.2081826758384704
inverted-caret-lavender-left-mint-right-run01,S8,1.1910143315792083,1.1974446177482605,1.1988338828086853,1.1999278366565704,1.2033275496959686
inverted-caret-lavender-left-mint-right-run01,S9,1.0443519639968872,1.0480976700782776,1.0501335859298706,1.0520101487636566,1.0571437621116637
inverted-caret-lavender-left-mint-right-run01,S10,1.5003734827041626,1.5007844269275665,1.5008926391601562,1.5010097026824951,1.5013148260116578
inverted-caret-lavender-left-mint-right-run01,S11,2.2042930126190186,2.2053195238113403,2.2073367834091187,2.207658529281616,2.2079649901390077
inverted-caret-lavender-left-mint-right-run01,S12,0.8878919416666031,0.891380250453949,0.8923611342906952,0.8932542055845261,0.8957530337572098
inverted-caret-lavender-left-mint-right-run01,S13,1.0080822324752807,1.011335551738739,1.0122601985931396,1.013098955154419,1.0154394340515136
inverted-caret-lavender-left-mint-right-run01,S14,0.9578058910369873,0.9601251482963562,0.9609163701534271,0.9615937173366547,0.9635515648126602
inverted-caret-lavender-left-mint-right-run01,S15,2.2043491554260255,2.205384075641632,2.2073510885238647,2.207730293273926,2.2080347204208373
inverted-caret-lavender-left-mint-right-run01,S16,0.6390325194597244,0.6399459391832352,0.6402202546596527,0.6404662728309631,0.641158612370491
inverted-caret-lavender-left-mint-right-run01,S17,1.978679554462433,1.9876610338687897,1.9902544021606445,1.9930208921432495,2.0017898964881895
inverted-caret-lavender-left-mint-right-run01,S18,0.9763824486732483,0.9815307259559631,0.9827712178230286,0.9839816987514496,0.9874152994155884
inverted-caret-lavender-left-mint-right-run01,S19,2.204294829368591,2.2052111625671387,2.207247257232666,2.2075945138931274,2.2078823161125185
inverted-caret-lavender-left-mint-right-run01,S20,1.002535401582718,1.0078243911266327,1.0094119906425476,1.0108449161052704,1.0149544024467467
inverted-caret-lavender-left-mint-right-run01,S21,0.7657350325584411,0.7678768634796143,0.7684307396411896,0.7690002918243408,0.7705706411600113
inverted-caret-lavender-left-mint-right-run01,S22,0.8099505341053009,0.8115819096565247,0.8121601939201355,0.8126564025878906,0.8141317421197891
inverted-caret-lavender-left-mint-right-run01,S23,2.2044157695770266,2.205434024333954,2.207377314567566,2.2077624201774597,2.208071324825287
inverted-caret-lavender-left-mint-right-run01,S24,1.1731995332241059,1.1756527721881866,1.1769807934761047,1.1782545745372772,1.181512680053711
inverted-caret-lavender-left-mint-right-run01,S25,1.8202012705802917,1.8228622078895569,1.8237592577934265,1.824620395898819,1.8276185154914857
inverted-caret-lavender-left-mint-right-run01,S26,1.3595262122154237,1.371115267276764,1.3758736848831177,1.3799346089363098,1.393945323228836
inverted-caret-lavender-left-mint-right-run01,S27,2.2042932677268983,2.20524662733078,2.2072651386260986,2.2075644731521606,2.2078726434707643
inverted-caret-lavender-left-mint-right-run01,S28,1.1430565118789673,1.1572549939155579,1.1604872941970825,1.1634588241577148,1.1722490918636321
inverted-caret-lavender-left-mint-right-run01,S29,1.0602950263023376,1.0724484026432037,1.0754812359809875,1.078667402267456,1.087877117395401
inverted-caret-lavender-left-mint-right-run01,S30,0.8091985583305359,0.8107370138168335,0.8110826313495636,0.8113466054201126,0.8122120136022568
inverted-caret-lavender-left-mint-right-run01,S31,2.2043626356124877,2.2053728699684143,2.207373857498169,2.2077450156211853,2.2080677795410155
inverted-caret-lavender-left-mint-right-run01,S32,0.7097709095478058,0.712862178683281,0.713607907295227,0.7143259644508362,0.7162805896997452
