source,distance_bin,channel,q25,median,q75,session_count,encounter_count,supported
lavender,0,S1,0.00046189626057942707,0.006474259164598255,0.01695978335845165,4,20,True
lavender,0,S10,-2.2286023849096055e-05,1.940131187438965e-05,0.00010065960161613698,4,20,True
lavender,0,S11,-0.0013474225997924805,-0.00010126829147338867,0.00036294119698660713,4,20,True
lavender,0,S12,-7.960432535642158e-05,0.0004062268469068739,0.0011112132133581699,4,20,True
lavender,0,S13,-6.181853158133373e-05,0.0003746615515814887,0.0011653945996211125,4,20,True
lavender,0,S14,-5.999671948420538e-05,0.0002709090709686279,0.001012639357493474,4,20,True
lavender,0,S15,-0.0015248349218657522,-0.00014831338609967913,0.00031210075725208634,4,20,True
lavender,0,S16,-3.861800416723474e-05,9.814756257193429e-05,0.0003134024263632418,4,20,True
lavender,0,S17,-0.0002652623436667703,0.0008520526545388358,0.003177986695216253,4,20,True
lavender,0,S18,-0.0001001760557100371,0.0004628236804689678,0.00159571186090127,4,20,True
lavender,0,S19,-0.0005097256766425236,0.00017319887112348512,0.0007577951137836163,4,20,True
lavender,0,S2,0.0001903931299845377,0.005180086029900448,0.01588544784448086,4,20,True
lavender,0,S20,-3.892260712462583e-05,0.0006028917100694447,0.002261534715310122,4,20,True
lavender,0,S21,-6.138616138034399e-06,0.00019430933576641664,0.0008460497244810448,4,20,True
lavender,0,S22,-4.9255111000754695e-06,0.00041627221637301984,0.0009102613636941621,4,20,True
lavender,0,S23,-0.0007834976369684391,3.804457493317433e-05,0.0007681142200123184,4,20,True
lavender,0,S24,0.00015933385917118618,0.0015061232778761148,0.0021407789998240286,4,20,True
lavender,0,S25,0.0001206065153146719,0.0005397668906620574,0.0014350569093382207,4,20,True
lavender,0,S26,0.00036687297480446953,0.004619508981704723,0.007561386835695518,4,20,True
lavender,0,S27,-0.0007460887986000141,-0.00012428110296076,0.0002469539642333984,4,20,True
lavender,0,S28,-0.00010805393194223396,0.001383086045583089,0.003621912363803748,4,20,True
lavender,0,S29,0.00010318623648749457,0.0018545283211602126,0.004527099204785897,4,20,True
lavender,0,S3,-0.0010485819407871797,8.123043255928237e-05,0.0008776946501298373,4,20,True
lavender,0,S30,-3.716018464830189e-06,0.0001691910955641005,0.0003341383404201932,4,20,True
lavender,0,S31,-0.0005082433873956856,0.00018861354925693607,0.0006713377577917914,4,20,True
lavender,0,S32,0.0001207579459462847,0.00051994456185235,0.001142518860953195,4,20,True
lavender,0,S4,-0.00022854123796735472,0.00254817803700765,0.006941556930541994,4,20,True
lavender,0,S5,-0.0002371072769165039,0.00011935404368809303,0.0010077754656473798,4,20,True
lavender,0,S6,-1.1645257472991943e-05,-1.1580876815013432e-06,1.1122475067774454e-05,4,20,True
lavender,0,S7,-0.001276871893141005,-0.00027080449191006756,0.0008142760821751169,4,20,True
lavender,0,S8,-0.0001657366752624511,0.000222785132271903,0.0009284615516662607,4,20,True
lavender,0,S9,2.0558304256863057e-05,0.0008821090062459312,0.0026900248649792797,4,20,True
lavender,1,S1,0.005680084228515625,0.00657808780670166,0.02517489592234294,4,10,True
lavender,1,S10,8.915151868547725e-06,0.00011605024337768563,0.00018360217412312826,4,10,True
lavender,1,S11,-0.00034007004329136446,9.89635785420735e-05,0.0009775906801223748,4,10,True
lavender,1,S12,0.0005719023091452462,0.001035235822200775,0.0015150275495317243,4,10,True
lavender,1,S13,0.0005029950823102679,0.0009891390800476074,0.0015357335408528643,4,10,True
lavender,1,S14,0.00037530064582824707,0.0008583366870880127,0.0010662674903869625,4,10,True
lavender,1,S15,0.00020725386483328692,0.0008575618267059328,0.0022683673434787327,4,10,True
lavender,1,S16,0.00015180025781903948,0.00029182434082031245,0.0004286501142713758,4,10,True
lavender,1,S17,0.0011972955295017787,0.003247186541557311,0.004875699679056803,4,10,True
lavender,1,S18,0.0005674362182617188,0.0011467337608337409,0.0021727151340908473,4,10,True
lavender,1,S19,0.0002657175064086912,0.0008203585942586262,0.002109805742899576,4,10,True
lavender,1,S2,0.006159288542611259,0.0071800947189331055,0.021794855594635013,4,10,True
lavender,1,S20,0.0006441644259861537,0.0017701813152858187,0.0023353596528371164,4,10,True
lavender,1,S21,0.00023868254252842495,0.0006581743558247883,0.0010185307926601828,4,10,True
lavender,1,S22,0.00020517195974077495,0.0005953311920166016,0.0011893659830093384,4,10,True
lavender,1,S23,-0.00012842246464320585,0.00016067922115325933,0.0007306469811333559,4,10,True
lavender,1,S24,0.00031815965970357263,0.0008883305958339154,0.0035721659660339364,4,10,True
lavender,1,S25,0.0005701865468706402,0.0009749531745910645,0.001904497543970744,4,10,True
lavender,1,S26,0.002163214342934744,0.003955662250518799,0.010279814402262371,4,10,True
lavender,1,S27,-0.0002659559249877931,0.0001087586085001627,0.0005259911219278969,4,10,True
lavender,1,S28,0.0008017591067722864,0.0025862256685892735,0.0037044712475367953,4,10,True
lavender,1,S29,0.0009667532784598214,0.0036942296557956264,0.005637182129753958,4,10,True
lavender,1,S3,-0.0003938334328787668,-3.413359324137374e-05,0.0016450087229410797,4,10,True
lavender,1,S30,8.196915899004253e-05,0.0002954080700874328,0.0004185504383511013,4,10,True
lavender,1,S31,-0.00037818484836154524,0.0013450384140014635,0.002427180608113607,4,10,True
lavender,1,S32,0.00044732860156467967,0.0008232465812138148,0.0015517622232437134,4,10,True
lavender,1,S4,0.003705791064671108,0.006480404308864048,0.00813732544581095,4,10,True
lavender,1,S5,0.0003325257982526507,0.0013433098793029794,0.0019303162892659504,4,10,True
lavender,1,S6,1.2304101671491373e-06,1.1864635679456924e-05,4.0888786315917976e-05,4,10,True
lavender,1,S7,-0.001161490167890276,-0.00015087922414143876,8.318159315321187e-05,4,10,True
lavender,1,S8,0.00040235689708164766,0.0008107849529811313,0.001750835350581578,4,10,True
lavender,1,S9,0.0010611074311392648,0.0015273690223693848,0.003733297189076742,4,10,True
lavender,2,S1,0.008578062057495117,0.01153238614400228,0.023365378379821763,4,9,True
lavender,2,S10,6.695588429768889e-06,0.00011438131332397461,0.00014713605244954427,4,9,True
lavender,2,S11,-0.002233719825744629,-0.0010089278221130375,0.0008607983589172355,4,9,True
lavender,2,S12,0.0006384551525115967,0.0008381128311157227,0.001389503479003906,4,9,True
lavender,2,S13,0.0006446043650309246,0.0008435249328613281,0.0012475252151489256,4,9,True
lavender,2,S14,0.00058211088180542,0.0006909728050231934,0.0011492073535919187,4,9,True
lavender,2,S15,-0.001527988910675049,-0.0006991028785705569,0.000803402491978235,4,9,True
lavender,2,S16,0.0001864155133565267,0.0002562403678894043,0.0003564357757568359,4,9,True
lavender,2,S17,0.0015416145324707031,0.0022449493408203125,0.0034571886062622053,4,9,True
lavender,2,S18,0.0007631977399190268,0.0011097729206085206,0.001544713973999023,4,9,True
lavender,2,S19,-0.001534223556518554,-9.500185648600258e-05,0.0005810379981994629,4,9,True
lavender,2,S2,0.00861791769663493,0.010677933692932129,0.02038383483886717,4,9,True
lavender,2,S20,0.001300811767578125,0.0013932585716247559,0.0021374225616455074,4,9,True
lavender,2,S21,0.00044465065002441406,0.0005021890004475912,0.0007370710372924804,4,9,True
lavender,2,S22,0.00046478211879730225,0.0007099161545435587,0.0009629726409912108,4,9,True
lavender,2,S23,3.429253896077483e-05,0.0004215836524963379,0.001880645751953125,4,9,True
lavender,2,S24,0.0010384321212768555,0.0015619595845540364,0.003925800323486327,4,9,True
lavender,2,S25,0.000803142786026001,0.0011157691478729248,0.0016686320304870601,4,9,True
lavender,2,S26,0.0035318732261657715,0.0051454901695251465,0.007990896701812744,4,9,True
lavender,2,S27,-0.001677632331848144,0.0005676746368408203,0.002576669057210286,4,9,True
lavender,2,S28,0.0019440650939941406,0.002809802691141764,0.003208756446838379,4,9,True
lavender,2,S29,0.0025548934936523438,0.0025787353515625,0.0037459135055541992,4,9,True
lavender,2,S3,-0.0010625123977661133,-0.00019137064615885418,0.0019334895270211332,4,9,True
lavender,2,S30,0.00018021464347839355,0.0002786119778951009,0.00031638145446777344,4,9,True
lavender,2,S31,-0.002339935302734375,-7.112820943196591e-05,0.0025026798248291016,4,9,True
lavender,2,S32,0.0006274133920669556,0.0008534441391626993,0.0014380514621734617,4,9,True
lavender,2,S4,0.004095260302225749,0.005183577537536621,0.008046388626098633,4,9,True
lavender,2,S5,0.0003919998804728191,0.0008598566055297852,0.0012431224187215168,4,9,True
lavender,2,S6,-2.2155897957938055e-05,-7.450580596924887e-09,1.0348856449127196e-05,4,9,True
lavender,2,S7,-0.001219642162322998,-9.298324584960965e-05,0.0010282993316650375,4,9,True
lavender,2,S8,0.0003896554311116538,0.0011973977088928223,0.0013231833775838215,4,9,True
lavender,2,S9,0.0016442437966664634,0.001943063735961914,0.0031057000160217268,4,9,True
lavender,3,S1,0.011752128601074214,0.043062835931777954,0.05940345355442592,3,9,True
lavender,3,S10,5.9932470321655273e-05,0.0002699494361877441,0.00041510377611432754,3,9,True
lavender,3,S11,-0.00044155120849609375,-9.381771087646498e-05,0.00019234418869018552,3,9,True
lavender,3,S12,0.000743553042411804,0.0024836212396621704,0.003959170409611293,3,9,True
lavender,3,S13,0.0008157789707183836,0.0023391246795654297,0.0037916132381984164,3,9,True
lavender,3,S14,0.0006998181343078611,0.0021580979228019714,0.0032120857919965473,3,9,True
lavender,3,S15,-7.885694503784185e-05,0.00022777915000915527,0.0011440912882486978,3,9,True
lavender,3,S16,0.00021189451217651362,0.0006659924983978271,0.0011453543390546525,3,9,True
lavender,3,S17,0.0017472207546234124,0.007886201143264769,0.011562807219369071,3,9,True
lavender,3,S18,0.0008408129215240475,0.0032293647527694693,0.0049638279846736365,3,9,True
lavender,3,S19,-0.001026365492078993,-0.0007059574127197265,0.0005391836166381836,3,9,True
lavender,3,S2,0.010561823844909664,0.04089611768722534,0.054150172642299106,3,9,True
lavender,3,S20,0.0013518035411834712,0.0042215436697006226,0.006294284548078265,3,9,True
lavender,3,S21,0.0004229843616485594,0.001372024416923523,0.0022341779300144742,3,9,True
lavender,3,S22,0.0005975365638732908,0.0017441287636756897,0.0022361065660204205,3,9,True
lavender,3,S23,-0.0008782148361206066,-0.0003061294555664068,2.6106834411620728e-05,3,9,True
lavender,3,S24,0.001553177833557129,0.0035911500453948975,0.004928546292441232,3,9,True
lavender,3,S25,0.0001513361930847168,0.002773657441139221,0.0038532529558454242,3,9,True
lavender,3,S26,0.0013249516487121582,0.014563992619514465,0.017759178365979875,3,9,True
lavender,3,S27,-0.0021800313677106586,-0.001169145107269286,0.000768661499023438,3,9,True
lavender,3,S28,0.0015448331832885734,0.0055970698595047,0.009701592581612723,3,9,True
lavender,3,S29,0.002278089523315429,0.007460594177246094,0.011716110365731376,3,9,True
lavender,3,S3,-0.0029091835021972656,-0.0006971359252929688,-3.501347133091508e-05,3,9,True
lavender,3,S30,0.00018267333507537834,0.0005667954683303833,0.0009353331157139369,3,9,True
lavender,3,S31,-0.002085515430995396,-0.0006981690724690752,0.001362025737762452,3,9,True
lavender,3,S32,0.00037026405334472656,0.0018968209624290464,0.002498447895050049,3,9,True
lavender,3,S4,0.005158752202987669,0.018354475498199463,0.026665329933166504,3,9,True
lavender,3,S5,0.0005917549133300779,0.002853274345397949,0.0043043749673025945,3,9,True
lavender,3,S6,-1.5228986740112305e-05,1.1433448110307957e-05,1.6560157140096028e-05,3,9,True
lavender,3,S7,-0.002546893225775825,-0.00029769965580531555,0.0002760887145996094,3,9,True
lavender,3,S8,0.0005763769149780271,0.0027179419994354244,0.004105201789311,3,9,True
lavender,3,S9,0.001832753419876098,0.006565287709236145,0.008266491549355643,3,9,True
lavender,4,S1,-7.254736764090563e-05,0.019884824752807617,0.04069106919424875,4,10,True
lavender,4,S10,3.998620169503343e-05,0.00015729665756225583,0.00023449791802300347,4,10,True
lavender,4,S11,-0.0014313799994332453,0.000949927738734653,0.002234617869059244,4,10,True
lavender,4,S12,-4.514626094273162e-05,0.001424446702003479,0.0027133127053578696,4,10,True
lavender,4,S13,-3.870895930698943e-05,0.0011823475360870363,0.002681235472361247,4,10,True
lavender,4,S14,-8.183717727661136e-05,0.0011079162359237673,0.002306044101715088,4,10,True
lavender,4,S15,-0.001120938195122613,-0.00021156668663024927,0.0020796590381198456,4,10,True
lavender,4,S16,-3.831727164132271e-06,0.00036182999610900884,0.0007693337069617378,4,10,True
lavender,4,S17,0.0004930325916835236,0.00388556718826294,0.00796521372265286,4,10,True
lavender,4,S18,0.00011088166918073368,0.0016295313835144045,0.003419912523693509,4,10,True
lavender,4,S19,-0.0005204166684831893,0.0017802715301513659,0.002941158082750108,4,10,True
lavender,4,S2,-0.0030669825417654856,0.017566263675689697,0.037842631340026855,4,10,True
lavender,4,S20,-0.000135115214756557,0.001898497343063355,0.004565748903486464,4,10,True
lavender,4,S21,1.3061932155064132e-05,0.0006963610649108887,0.0016131963994767931,4,10,True
lavender,4,S22,-0.00011937958853585382,0.0007192641496658326,0.0017193853855133059,4,10,True
lavender,4,S23,-0.00017786026000976565,0.00030128161112467385,0.0020760808672223756,4,10,True
lavender,4,S24,-0.00019517966679164357,0.001877725124359131,0.0038379033406575522,4,10,True
lavender,4,S25,-2.1304403032575356e-05,0.0012839734554290774,0.0027310167040143695,4,10,True
lavender,4,S26,-0.0005917549133300783,0.005755454301834107,0.013507081402672661,4,10,True
lavender,4,S27,-4.792213439941406e-05,0.0002516640557183159,0.000972787539164225,4,10,True
lavender,4,S28,0.0005941731589181075,0.004174530506134033,0.006738417678409153,4,10,True
lavender,4,S29,0.00010888917105538473,0.0036331713199615483,0.008576929569244385,4,10,True
lavender,4,S3,-0.002530177434285482,-0.0018887860434395926,0.001227498054504395,4,10,True
lavender,4,S30,3.468138831002364e-05,0.0003754794597625732,0.0006463097201453315,4,10,True
lavender,4,S31,-0.002226034800211589,-0.0004503130912780767,0.0001037783092922633,4,10,True
lavender,4,S32,-3.6197049277169414e-05,0.0008423030376434326,0.0018505752086639404,4,10,True
lavender,4,S4,-0.0006717273167201453,0.008743643760681154,0.019653624958462186,4,10,True
lavender,4,S5,0.00026019981929234064,0.001543253660202026,0.0029102100266350634,4,10,True
lavender,4,S6,-9.506940841674805e-06,4.008412361145018e-06,1.1431319372994559e-05,4,10,True
lavender,4,S7,-0.00019490718841552745,0.0004557711737496511,0.0016557574272155762,4,10,True
lavender,4,S8,0.0003096546445574076,0.0015915334224700921,0.0026254653930664062,4,10,True
lavender,4,S9,-0.0005098070417131696,0.0029726922512054443,0.006282097763485379,4,10,True
lavender,5,S1,-0.0029964894056320295,0.024332761764526357,0.04850635528564453,3,6,True
lavender,5,S10,6.593763828277574e-06,6.961822509765625e-05,0.0001741349697113037,3,6,True
lavender,5,S11,-0.0019710461298624677,-0.00018644332885742188,0.00027737021446228044,3,6,True
lavender,5,S12,7.513165473937945e-05,0.001542448997497558,0.0024156451225280763,3,6,True
lavender,5,S13,4.605203866958553e-05,0.001359939575195312,0.0021167993545532227,3,6,True
lavender,5,S14,-8.262693881988959e-06,0.001289427280426025,0.001995372772216797,3,6,True
lavender,5,S15,-0.0028889656066894533,-0.00030912293328179256,-4.667043685913084e-05,3,6,True
lavender,5,S16,-6.407499313356118e-07,0.00042134523391723617,0.0006156563758850098,3,6,True
lavender,5,S17,-0.000320129096508027,0.0033887624740600573,0.004886925220489502,3,6,True
lavender,5,S18,-3.1810253858566935e-05,0.001388192176818847,0.002221757173538208,3,6,True
lavender,5,S19,-0.001842468976974488,2.8795666164822013e-05,0.000318002700805664,3,6,True
lavender,5,S2,-0.0025848001241684064,0.02216482162475585,0.04183924198150635,3,6,True
lavender,5,S20,-9.598582983017011e-05,0.0022259950637817383,0.004084229469299316,3,6,True
lavender,5,S21,-4.842132329940796e-05,0.0006928443908691406,0.0012942850589752197,3,6,True
lavender,5,S22,-7.275491952896118e-05,0.0008637309074401855,0.0018528103828430176,3,6,True
lavender,5,S23,-0.0019073088963826499,-0.0007750988006591797,0.001582741737365722,3,6,True
lavender,5,S24,-0.00020784884691238403,0.0023499727249145508,0.004991352558135986,3,6,True
lavender,5,S25,-0.00010122358798980713,0.0012311935424804688,0.0027276277542114258,3,6,True
lavender,5,S26,-0.0008655115962028503,0.006615996360778809,0.01487499475479126,3,6,True
lavender,5,S27,-0.0012970924377441403,7.762908935546876e-05,0.0003829399744669596,3,6,True
lavender,5,S28,-0.00010890513658523603,0.0021022558212280273,0.00501018762588501,3,6,True
lavender,5,S29,-0.00032310932874679565,0.0031201839447021484,0.0067678093910217285,3,6,True
lavender,5,S3,-0.0006918642255995009,-0.00029259920120239263,0.00010790824890136706,3,6,True
lavender,5,S30,-2.92360782623291e-05,0.0002295970916748047,0.0005025863647460938,3,6,True
lavender,5,S31,-0.0016948223114013681,-0.00015991926193237326,8.395314216613767e-05,3,6,True
lavender,5,S32,-3.631412982940685e-05,0.0007679462432861328,0.002086430788040161,3,6,True
lavender,5,S4,-0.0004797503352165274,0.01069879531860351,0.017181146144866943,3,6,True
lavender,5,S5,4.154443740844683e-05,0.000927991337246365,0.0014251470565795898,3,6,True
lavender,5,S6,-3.1620264053344727e-05,-2.0682811737060547e-05,1.2852251529693612e-06,3,6,True
lavender,5,S7,-0.0017967462539672857,-0.0002484321594238281,0.0008401473363240564,3,6,True
lavender,5,S8,0.0001387447118759153,0.000973105430603027,0.0018182754516601562,3,6,True
lavender,5,S9,-0.00019087642431259155,0.0038329362869262695,0.006469547748565674,3,6,True
lavender,6,S1,0.04507488012313843,0.055276679992675784,0.05599641799926758,2,5,True
lavender,6,S10,0.00020229816436767578,0.00037729740142822266,0.000403904914855957,2,5,True
lavender,6,S11,-0.0005657672882080078,0.0002756595611572265,0.0032236576080322266,2,5,True
lavender,6,S12,0.0029458999633789062,0.00385209321975708,0.003973937034606934,2,5,True
lavender,6,S13,0.0027278661727905273,0.0038286685943603516,0.003970122337341309,2,5,True
lavender,6,S14,0.0023684799671173096,0.00324479341506958,0.003409373760223389,2,5,True
lavender,6,S15,-0.0014153122901916504,0.000274658203125,0.0013216495513916015,2,5,True
lavender,6,S16,0.0008161813020706177,0.0011335015296936035,0.0011646032333374023,2,5,True
lavender,6,S17,0.006044244766235352,0.011748075485229492,0.01193079948425293,2,5,True
lavender,6,S18,0.0027126789093017576,0.005041599273681641,0.005092883110046386,2,5,True
lavender,6,S19,-0.0005743980407714843,-0.00021409988403320312,0.0012825965881347657,2,5,True
lavender,6,S2,0.0409817099571228,0.051685237884521486,0.05194902420043945,2,5,True
lavender,6,S20,0.004666805267333984,0.006436586380004883,0.00682065486907959,2,5,True
lavender,6,S21,0.0016562193632125854,0.0023424506187438967,0.002426779270172119,2,5,True
lavender,6,S22,0.00167807936668396,0.0023138761520385743,0.0025711536407470705,2,5,True
lavender,6,S23,-0.0023174285888671875,-0.0014266014099121095,0.0005109310150146484,2,5,True
lavender,6,S24,0.004118293523788452,0.005015778541564942,0.00582883358001709,2,5,True
lavender,6,S25,0.002897888422012329,0.0039138317108154295,0.004098677635192871,2,5,True
lavender,6,S26,0.013598442077636719,0.018037915229797363,0.019823646545410155,2,5,True
lavender,6,S27,-0.00042672157287597655,-0.0003650188446044922,0.00025238990783691404,2,5,True
lavender,6,S28,0.005337762832641602,0.010335683822631836,0.010567855834960938,2,5,True
lavender,6,S29,0.008791416883468628,0.012545895576477051,0.01298835277557373,2,5,True
lavender,6,S3,0.000345766544342041,0.0018692493438720703,0.002155160903930664,2,5,True
lavender,6,S30,0.0005207538604736328,0.0009586811065673828,0.0009729623794555664,2,5,True
lavender,6,S31,0.0004164576530456543,0.0019336223602294924,0.0025486469268798826,2,5,True
lavender,6,S32,0.0020374655723571777,0.0026729345321655274,0.002920544147491455,2,5,True
lavender,6,S4,0.02018633484840393,0.026403236389160156,0.02711343765258789,2,5,True
lavender,6,S5,0.002109193801879883,0.0043294429779052734,0.004339933395385742,2,5,True
lavender,6,S6,1.3256072998046874e-05,2.1189451217651367e-05,2.4281442165374756e-05,2,5,True
lavender,6,S7,-0.0013111233711242676,0.002144050598144531,0.003180980682373047,2,5,True
lavender,6,S8,0.0027437210083007812,0.003939199447631836,0.004139328002929687,2,5,True
lavender,6,S9,0.006300151348114014,0.007918047904968261,0.00851609706878662,2,5,True
lavender,7,S1,0.016214311122894287,0.017044365406036377,0.019530773162841797,2,4,True
lavender,7,S10,0.0001404285430908203,0.0001621544361114502,0.00018459558486938477,2,4,True
lavender,7,S11,-0.1265252232551575,0.0003960132598876953,0.0005462169647216797,2,4,True
lavender,7,S12,0.0013368725776672363,0.0014877468347549438,0.0018207430839538574,2,4,True
lavender,7,S13,0.0011959075927734375,0.001336902379989624,0.0017237663269042969,2,4,True
lavender,7,S14,0.0010371953248977661,0.0011373460292816162,0.001274406909942627,2,4,True
lavender,7,S15,-0.09679400920867923,-8.976459503173828e-05,-7.939338684082031e-05,2,4,True
lavender,7,S16,0.000362396240234375,0.00036619603633880615,0.0005348622798919678,2,4,True
lavender,7,S17,0.003428220748901367,0.003997117280960083,0.00484919548034668,2,4,True
lavender,7,S18,0.0015838146209716797,0.0017433613538742065,0.0018475651741027832,2,4,True
lavender,7,S19,-0.0004725456237793524,-2.801418304443468e-06,0.0031356215476989746,2,4,True
lavender,7,S2,0.015321969985961914,0.015467703342437744,0.01812267303466797,2,4,True
lavender,7,S20,0.0019839704036712646,0.002271011471748352,0.0029235482215881348,2,4,True
lavender,7,S21,0.0007128715515136719,0.0007408112287521362,0.0009636282920837402,2,4,True
lavender,7,S22,0.000628352165222168,0.0007340610027313232,0.0008634328842163086,2,4,True
lavender,7,S23,-0.0027189254760742188,0.0002757161855697632,0.0006120204925537109,2,4,True
lavender,7,S24,0.0011709928512573242,0.0013408660888671875,0.0025339126586914062,2,4,True
lavender,7,S25,0.0010981559753417969,0.0013174265623092651,0.0017409324645996094,2,4,True
lavender,7,S26,0.005323499441146851,0.005846038460731506,0.006968677043914795,2,4,True
lavender,7,S27,-0.0033781528472900807,-0.0024799704551696777,-5.8025121688842773e-05,2,4,True
lavender,7,S28,0.0037456750869750977,0.0038849711418151855,0.005124717950820923,2,4,True
lavender,7,S29,0.003767848014831543,0.003876924514770508,0.004701852798461914,2,4,True
lavender,7,S3,-0.03379917144775391,0.002383887767791748,0.002694845199584961,2,4,True
lavender,7,S30,0.00033906102180480957,0.0003691166639328003,0.00040858983993530273,2,4,True
lavender,7,S31,-0.003102779388427762,-0.002939164638519287,-0.0007553398609161377,2,4,True
lavender,7,S32,0.0007562786340713501,0.0009616687893867493,0.0012991130352020264,2,4,True
lavender,7,S4,0.008485674858093262,0.009121984243392944,0.010535001754760742,2,4,True
lavender,7,S5,0.0014393925666809082,0.0016254931688308716,0.0018424391746520996,2,4,True
lavender,7,S6,2.2843480110168457e-05,2.8867274522781372e-05,3.866851329803467e-05,2,4,True
lavender,7,S7,0.0002326369285582386,0.0004241913557052612,0.001759171485900879,2,4,True
lavender,7,S8,0.0017290711402893066,0.0017347484827041626,0.002140134572982788,2,4,True
lavender,7,S9,0.0024307668209075928,0.00258655846118927,0.002597510814666748,2,4,True
lavender,8,S1,0.009496808052062988,0.009496808052062988,0.009496808052062988,1,1,False
lavender,8,S10,-2.6345252990722656e-05,-2.6345252990722656e-05,-2.6345252990722656e-05,1,1,False
lavender,8,S11,-0.001231074333190918,-0.001231074333190918,-0.001231074333190918,1,1,False
lavender,8,S12,0.0003603696823120117,0.0003603696823120117,0.0003603696823120117,1,1,False
lavender,8,S13,0.00029098987579345703,0.00029098987579345703,0.00029098987579345703,1,1,False
lavender,8,S14,0.00030305981636047363,0.00030305981636047363,0.00030305981636047363,1,1,False
lavender,8,S15,-0.0024695396423339844,-0.0024695396423339844,-0.0024695396423339844,1,1,False
lavender,8,S16,8.234381675720215e-05,8.234381675720215e-05,8.234381675720215e-05,1,1,False
lavender,8,S17,0.00042694807052612305,0.00042694807052612305,0.00042694807052612305,1,1,False
lavender,8,S18,0.00018450617790222168,0.00018450617790222168,0.00018450617790222168,1,1,False
lavender,8,S19,-0.0028159618377685547,-0.0028159618377685547,-0.0028159618377685547,1,1,False
lavender,8,S2,0.007953763008117676,0.007953763008117676,0.007953763008117676,1,1,False
lavender,8,S20,0.0004973411560058594,0.0004973411560058594,0.0004973411560058594,1,1,False
lavender,8,S21,0.0001207888126373291,0.0001207888126373291,0.0001207888126373291,1,1,False
lavender,8,S22,0.00021257996559143066,0.00021257996559143066,0.00021257996559143066,1,1,False
lavender,8,S23,-0.0027000904083251953,-0.0027000904083251953,-0.0027000904083251953,1,1,False
lavender,8,S24,0.0007870793342590332,0.0007870793342590332,0.0007870793342590332,1,1,False
lavender,8,S25,0.00017249584197998047,0.00017249584197998047,0.00017249584197998047,1,1,False
lavender,8,S26,0.001867830753326416,0.001867830753326416,0.001867830753326416,1,1,False
lavender,8,S27,-0.006247282028198242,-0.006247282028198242,-0.006247282028198242,1,1,False
lavender,8,S28,0.0003260374069213867,0.0003260374069213867,0.0003260374069213867,1,1,False
lavender,8,S29,0.000597834587097168,0.000597834587097168,0.000597834587097168,1,1,False
lavender,8,S3,-0.0033077001571655273,-0.0033077001571655273,-0.0033077001571655273,1,1,False
lavender,8,S30,6.121397018432617e-05,6.121397018432617e-05,6.121397018432617e-05,1,1,False
lavender,8,S31,-0.007355451583862305,-0.007355451583862305,-0.007355451583862305,1,1,False
lavender,8,S32,0.00018456578254699707,0.00018456578254699707,0.00018456578254699707,1,1,False
lavender,8,S4,0.0028720498085021973,0.0028720498085021973,0.0028720498085021973,1,1,False
lavender,8,S5,9.834766387939453e-05,9.834766387939453e-05,9.834766387939453e-05,1,1,False
lavender,8,S6,4.202127456665039e-06,4.202127456665039e-06,4.202127456665039e-06,1,1,False
lavender,8,S7,-0.004042506217956543,-0.004042506217956543,-0.004042506217956543,1,1,False
lavender,8,S8,0.000260770320892334,0.000260770320892334,0.000260770320892334,1,1,False
lavender,8,S9,0.001178145408630371,0.001178145408630371,0.001178145408630371,1,1,False
lavender,9,S1,-0.01487886905670166,-0.007878124713897705,0.008846521377563477,2,4,True
lavender,9,S10,-4.160404205322267e-05,5.042552947998046e-05,0.0001226663589477539,2,4,True
lavender,9,S11,-0.0007180571556091311,0.0002750158309936523,0.0013010501861572266,2,4,True
lavender,9,S12,-0.000670015811920166,-0.00017860531806945806,0.0008319616317749023,2,4,True
lavender,9,S13,-0.0005619525909423828,-0.0001148283481597901,0.0007283687591552734,2,4,True
lavender,9,S14,-0.0005056858062744141,-0.0001748353242874146,0.0005598664283752441,2,4,True
lavender,9,S15,-0.0006212592124938966,-9.137392044067383e-05,5.7220458984375e-06,2,4,True
lavender,9,S16,-0.00014612078666687012,7.405877113342272e-06,0.00024402141571044922,2,4,True
lavender,9,S17,-0.0017840862274169924,0.00047019124031066873,0.0036742687225341797,2,4,True
lavender,9,S18,-0.0005171895027160645,0.00012467801570892323,0.0012638568878173828,2,4,True
lavender,9,S19,-0.00035643577575683637,-0.00016582012176513677,0.0017207264900207517,2,4,True
lavender,9,S2,-0.012752652168273926,-0.006680190563201905,0.008165121078491211,2,4,True
lavender,9,S20,-0.0007910728454589844,-0.0002028942108154298,0.0011307001113891602,2,4,True
lavender,9,S21,-0.0002409815788269043,-9.223818778991726e-06,0.0004628896713256836,2,4,True
lavender,9,S22,-0.00031763315200805664,-0.0003073960542678833,0.00023937225341796875,2,4,True
lavender,9,S23,-0.0015790462493896489,-0.000361144542694092,5.1140785217285156e-05,2,4,True
lavender,9,S24,-0.0012407302856445312,-0.0006734430789947511,-4.0531158447265625e-06,2,4,True
lavender,9,S25,-0.0006080865859985352,-6.45816326141358e-05,0.0009082555770874023,2,4,True
lavender,9,S26,-0.0030858516693115234,-0.001611590385437012,0.002648472785949707,2,4,True
lavender,9,S27,-0.0012171268463134772,-0.0005615949630737306,0.00034439563751220703,2,4,True
lavender,9,S28,-0.0007674098014831544,0.0005329251289367674,0.0028069019317626953,2,4,True
lavender,9,S29,-0.0010202527046203613,0.00014907121658325174,0.0026683807373046875,2,4,True
lavender,9,S3,-0.0002964735031127931,0.00013530254364013672,0.00021219253540039062,2,4,True
lavender,9,S30,-6.252527236938478e-05,6.06328248977661e-05,0.00022554397583007812,2,4,True
lavender,9,S31,-0.0010460615158081061,-0.0003096163272857668,0.00033718347549438477,2,4,True
lavender,9,S32,-0.000269472599029541,-0.00010406970977783206,0.00037479400634765625,2,4,True
lavender,9,S4,-0.0052950382232666016,-0.001876771450042725,0.0054569244384765625,2,4,True
lavender,9,S5,-0.0003834962844848634,0.0004009902477264404,0.0014344453811645508,2,4,True
lavender,9,S6,-2.324581146240237e-06,1.0415911674499508e-05,2.002716064453125e-05,2,4,True
lavender,9,S7,-0.0007672309875488283,-0.0002931952476501466,3.337860107421875e-06,2,4,True
lavender,9,S8,-0.00043976306915283214,0.0003091990947723388,0.0013523101806640625,2,4,True
lavender,9,S9,-0.0017474889755249023,-0.001591026782989502,0.0009524822235107422,2,4,True
lavender,11,S1,-0.0045506954193115234,0.02036130428314209,0.0452733039855957,2,2,False
lavender,11,S10,2.0503997802734375e-05,0.00013655424118041992,0.00025260448455810547,2,2,False
lavender,11,S11,-0.0026700496673583984,-0.0009802579879760742,0.00070953369140625,2,2,False
lavender,11,S12,1.6868114471435547e-05,0.0013168752193450928,0.00261688232421875,2,2,False
lavender,11,S13,4.792213439941406e-05,0.0014219880104064941,0.0027960538864135742,2,2,False
lavender,11,S14,-3.826618194580078e-05,0.0011653900146484375,0.0023690462112426758,2,2,False
lavender,11,S15,-0.0004673004150390625,-0.0003504753112792969,-0.00023365020751953125,2,2,False
lavender,11,S16,2.6106834411621094e-05,0.0004076957702636719,0.0007892847061157227,2,2,False
lavender,11,S17,0.0004801750183105469,0.004494190216064453,0.00850820541381836,2,2,False
lavender,11,S18,0.00025725364685058594,0.0018916130065917969,0.003525972366333008,2,2,False
lavender,11,S19,-2.7894973754882812e-05,7.95125961303711e-05,0.000186920166015625,2,2,False
lavender,11,S2,-0.0035724639892578125,0.019016385078430176,0.041605234146118164,2,2,False
lavender,11,S20,-4.088878631591797e-05,0.002245604991912842,0.0045320987701416016,2,2,False
lavender,11,S21,5.221366882324219e-05,0.0008218288421630859,0.0015914440155029297,2,2,False
lavender,11,S22,-8.285045623779297e-05,0.0007315278053283691,0.0015459060668945312,2,2,False
lavender,11,S23,0.00038909912109375,0.0003927946090698242,0.00039649009704589844,2,2,False
lavender,11,S24,-0.0007568597793579102,0.0011437535285949707,0.0030443668365478516,2,2,False
lavender,11,S25,-0.00010263919830322266,0.0012031793594360352,0.002508997917175293,2,2,False
lavender,11,S26,-0.001269221305847168,0.005060434341430664,0.011390089988708496,2,2,False
lavender,11,S27,-0.0024204254150390625,-0.0012891292572021484,-0.00015783309936523438,2,2,False
lavender,11,S28,0.0007299184799194336,0.0033892393112182617,0.00604856014251709,2,2,False
lavender,11,S29,0.00018846988677978516,0.004142880439758301,0.008097290992736816,2,2,False
lavender,11,S3,0.0001747608184814453,0.00021755695343017578,0.00026035308837890625,2,2,False
lavender,11,S30,8.761882781982422e-05,0.00034877657890319824,0.0006099343299865723,2,2,False
lavender,11,S31,-0.0029861927032470703,-0.0014922618865966797,1.6689300537109375e-06,2,2,False
lavender,11,S32,-4.798173904418945e-05,0.0007036924362182617,0.0014553666114807129,2,2,False
lavender,11,S4,-0.0003604888916015625,0.01003962755203247,0.020439743995666504,2,2,False
lavender,11,S5,0.0004996061325073242,0.0018398761749267578,0.0031801462173461914,2,2,False
lavender,11,S6,-1.3887882232666016e-05,-2.5480985641479492e-06,8.791685104370117e-06,2,2,False
lavender,11,S7,0.00013399124145507812,0.0013606548309326172,0.0025873184204101562,2,2,False
lavender,11,S8,0.0004203319549560547,0.0015763640403747559,0.002732396125793457,2,2,False
lavender,11,S9,-0.0006611347198486328,0.0025484561920166016,0.005758047103881836,2,2,False
mint,0,S1,-0.0001440942287445068,5.4376199841499884e-05,0.012695837020874007,4,26,True
mint,0,S10,-1.4783814549446103e-05,0.0,7.52607981363932e-05,4,26,True
mint,0,S11,-0.0012377262115478515,-9.357929229736324e-05,0.0003139302134513842,4,26,True
mint,0,S12,-0.00011548629173865684,0.0,0.0007268289724985757,4,26,True
mint,0,S13,-6.373112018291767e-05,0.0,0.000715812047322591,4,26,True
mint,0,S14,-6.78040087223053e-05,0.0,0.0005787809689839675,4,26,True
mint,0,S15,-0.0013717015584309895,-0.00015269574664887928,0.00011682510375976562,4,26,True
mint,0,S16,-3.0084923430756254e-05,0.0,0.00020824869473775223,4,26,True
mint,0,S17,-0.0002971058711409569,0.00011980533599853547,0.0022307038307189915,4,26,True
mint,0,S18,-0.0001515778712928295,6.171790036288183e-06,0.0009495119253794344,4,26,True
mint,0,S19,-0.0008831574366642876,4.639992347130445e-06,0.0011630944716624725,4,26,True
mint,0,S2,-0.0001266002655029297,0.0,0.012177801132202135,4,26,True
mint,0,S20,-9.284913539886475e-05,0.0,0.0011389851570129382,4,26,True
mint,0,S21,-5.7027890132023735e-05,0.0,0.0004146198431650794,4,26,True
mint,0,S22,-4.410285216111403e-05,3.649480640888215e-05,0.00036106506983439097,4,26,True
mint,0,S23,-0.0007902961224317551,9.802712334526909e-05,0.0012054443359374944,4,26,True
mint,0,S24,-0.0001779473744905912,0.00026304461061954504,0.0007911523183186847,4,26,True
mint,0,S25,-0.00013297417807200598,7.175398873282481e-05,0.0006765842437744137,4,26,True
mint,0,S26,-0.00030564344846285304,0.0003986610099673271,0.0029000441233317017,4,26,True
mint,0,S27,-0.0004994649153489333,0.0,0.00042116058456314194,4,26,True
mint,0,S28,-0.0002986667677760124,9.67865898495667e-07,0.001505593458811439,4,26,True
mint,0,S29,-0.00028210878372192383,0.0,0.0021224419275919578,4,26,True
mint,0,S3,-0.0005523534048171271,-7.15218484401702e-05,0.0007150998482337361,4,26,True
mint,0,S30,-1.2548210529180668e-05,2.2138868059431678e-07,0.00014774998029073048,4,26,True
mint,0,S31,-0.0011334300041198732,-0.00029745631747775625,0.00023434275672549234,4,26,True
mint,0,S32,-8.504873230343773e-05,7.28103332221508e-05,0.000341445207595825,4,26,True
mint,0,S4,-0.00042337179183959956,0.0001284396275877955,0.006727409362792969,4,26,True
mint,0,S5,-0.00016885537367600662,0.0,0.0008507768313089999,4,26,True
mint,0,S6,-7.77069505278047e-06,4.887164055884308e-08,2.1940185910179476e-06,4,26,True
mint,0,S7,-0.0009014379410516646,-1.8165225074404748e-07,0.00014253596325854268,4,26,True
mint,0,S8,-0.0001878799536289313,1.86550033676041e-05,0.0007270574569702141,4,26,True
mint,0,S9,-4.5791268348693814e-05,0.0,0.0016578237215677874,4,26,True
mint,1,S1,-0.003976600510733468,0.00012604395548502514,0.008241908890860418,3,8,True
mint,1,S10,-4.447357995169504e-05,7.077058156331379e-06,6.371736526489255e-05,3,8,True
mint,1,S11,-0.0015972137451171875,-0.0006678849458694459,0.00022367068699427996,3,8,True
mint,1,S12,-0.00045293569564819336,-0.00026701291402181,0.00039193885666983445,3,8,True
mint,1,S13,-0.0003915514264787947,-0.0002472559611002605,0.0003357529640197752,3,8,True
mint,1,S14,-0.0003096163272857666,-0.00019221305847167978,0.0003408491611480711,3,8,True
mint,1,S15,-0.001721307635307312,-0.001144800867353167,0.00015393892923990795,3,8,True
mint,1,S16,-0.00011626311710902625,-7.14679559071859e-05,8.426819528852183e-05,3,8,True
mint,1,S17,-0.0010953034673418318,-0.0007587075233459475,0.0008909446852547776,3,8,True
mint,1,S18,-0.0008475370705127717,-0.000541989008585612,0.00048248256955827804,3,8,True
mint,1,S19,-0.0020542144775390625,-0.001056909561157227,-0.00020916121346609948,3,8,True
mint,1,S2,-0.0038352523531232563,-7.04924265543627e-05,0.007338506834847583,3,8,True
mint,1,S20,-0.0005733455930437361,-0.0004152178764343263,0.0007118242127554754,3,8,True
mint,1,S21,-0.00031039118766784673,-0.0002031544844309489,0.0002378438200269418,3,8,True
mint,1,S22,-0.00015034420149666924,-7.57217407226563e-05,0.000298776796885899,3,8,True
mint,1,S23,-0.00043543974558512367,-0.00017058849334716808,0.0006775856018066399,3,8,True
mint,1,S24,-9.814898173014323e-05,3.7543475627899156e-05,0.0009173154830932613,3,8,True
mint,1,S25,-0.00016355514526367188,-0.0001180052757263184,0.0006495543888636994,3,8,True
mint,1,S26,-0.0010707229375839233,-0.0008804480234781901,0.0028713941574096584,3,8,True
mint,1,S27,-0.00047246047428676076,-0.00014591217041015625,4.39541680472234e-05,3,8,True
mint,1,S28,-0.0021929070353508004,-0.001389920711517334,0.001526560102190284,3,8,True
mint,1,S29,-0.001487337052822113,-0.0010309060414632164,0.0014417256627763963,3,8,True
mint,1,S3,-0.0015296220779418945,-0.001098915934562683,-0.0006221930185953781,3,8,True
mint,1,S30,-0.00019698962569236772,-0.00011104345321655275,0.00013787831578935842,3,8,True
mint,1,S31,-0.0004979670047760011,0.00022347768147786448,0.0007444918155670162,3,8,True
mint,1,S32,-0.0005036965012550356,-6.477038065592452e-05,0.00037364661693572895,3,8,True
mint,1,S4,-0.002651470048086984,-0.0007368803024291997,0.0028423156057085295,3,8,True
mint,1,S5,-0.0008346959948539735,-0.00046503941218058273,0.0003236702510288769,3,8,True
mint,1,S6,-4.26811831338065e-06,-3.6716461181640626e-06,-2.3990869522094735e-06,3,8,True
mint,1,S7,-0.0016800761222839355,-0.0008566379547119144,0.0005155801773071285,3,8,True
mint,1,S8,-0.0007352381944656372,-0.0005715131759643556,0.00046491622924804503,3,8,True
mint,1,S9,-0.0007229532514299666,-0.00012617111206054702,0.001115798950195312,3,8,True
mint,2,S1,-0.001585790089198521,0.00022720336914062544,0.020020723342895508,4,12,True
mint,2,S10,-5.917549133300781e-05,1.1744499206542958e-05,0.00012254714965820296,4,12,True
mint,2,S11,-0.0010322928428649902,0.0003977417945861816,0.0007480382919311521,4,12,True
mint,2,S12,-0.00037912527720133465,-0.00019632339477539072,0.0014302134513854954,4,12,True
mint,2,S13,-0.000334930419921875,-0.00017935752868652349,0.0008477483476911262,4,12,True
mint,2,S14,-0.00025724172592163087,-7.275342941284186e-05,0.0007199815341404497,4,12,True
mint,2,S15,-0.0015952666600545246,-9.245872497558566e-05,0.0001502704620361328,4,12,True
mint,2,S16,-0.0001282930374145508,-7.494449615478516e-05,0.0004222989082336418,4,12,True
mint,2,S17,-0.0011583964029947917,-0.0007470130920410159,0.003692507743835443,4,12,True
mint,2,S18,-0.00045331716537475584,-0.0004301285743713379,0.0018003582954406708,4,12,True
mint,2,S19,-0.000657033920288086,-0.0002505481243133543,0.00012722015380859386,4,12,True
mint,2,S2,-0.0022564274924142015,-1.4543533325194933e-05,0.020169496536254883,4,12,True
mint,2,S20,-0.0006227588653564453,-0.0002987623214721681,0.0016076735087803412,4,12,True
mint,2,S21,-0.00027872562408447264,-0.00011234680811564128,0.0006254911422729486,4,12,True
mint,2,S22,-0.0001858377456665039,2.8673807779947916e-05,0.0006490409374237052,4,12,True
mint,2,S23,-0.0009923875331878658,-0.00012016296386718745,0.0012662675645616318,4,12,True
mint,2,S24,-0.00022824605305989582,0.00016813278198242189,0.0019145250320434576,4,12,True
mint,2,S25,-0.0003152799606323242,0.00015148321787516276,0.0010993991579328253,4,12,True
mint,2,S26,-0.0012228918075561524,0.0009494755003187392,0.0058624386787414565,4,12,True
mint,2,S27,-0.0007129311561584473,0.0002570152282714844,0.000522613525390625,4,12,True
mint,2,S28,-0.0014765119552612306,-0.0005061388015747072,0.004023313522338864,4,12,True
mint,2,S29,-0.001432056427001953,-0.00017611980438232434,0.0035833290645054367,4,12,True
mint,2,S3,-0.0022224017551967074,-0.00017309188842773438,0.0004289436340332031,4,12,True
mint,2,S30,-0.0001282191276550293,-4.4345855712890815e-06,0.000335940292903355,4,12,True
mint,2,S31,-0.0009553432464599609,-0.00013828277587890625,0.00016936302185058591,4,12,True
mint,2,S32,-0.0002932548522949219,0.00011859536170959472,0.0009650409221649165,4,12,True
mint,2,S4,-0.00224615732828776,-0.00021278858184814496,0.006508576869964591,4,12,True
mint,2,S5,-0.0006628831227620443,-0.0003737640380859376,0.0007320642471313474,4,12,True
mint,2,S6,-1.6726056734720866e-05,-3.484487533569335e-06,2.819299697875977e-06,4,12,True
mint,2,S7,-0.0007327795028686523,7.4505805969238485e-06,0.0022737979888916016,4,12,True
mint,2,S8,-0.0007093143463134765,-0.0005225578943888347,0.0009387731552124023,4,12,True
mint,2,S9,-0.0003970781962076823,-0.00013422966003417974,0.0024079084396362283,4,12,True
mint,3,S1,-0.015465180079142254,-0.0018168687820434596,0.00939321517944336,3,5,True
mint,3,S10,-0.00022614002227783206,-9.965896606445312e-05,8.83340835571289e-05,3,5,True
mint,3,S11,-0.00040674209594726573,0.00025518735249837227,0.0012648900349934893,3,5,True
mint,3,S12,-0.0018080671628316245,-0.00048169493675231966,0.0006758570671081543,3,5,True
mint,3,S13,-0.0016534328460693362,-0.00026553869247436556,0.0006358623504638672,3,5,True
mint,3,S14,-0.0013219118118286135,-0.00015518069267272976,0.0004467964172363281,3,5,True
mint,3,S15,6.628036499023427e-05,0.0009454886118570957,0.002413193384806315,3,5,True
mint,3,S16,-0.0005094210306803386,-0.00013518333435058602,0.00019443035125732422,3,5,True
mint,3,S17,-0.005690495173136394,-0.0016885399818420417,0.0021991729736328125,3,5,True
mint,3,S18,-0.0023422439893086753,-0.0006692111492156985,0.0010879039764404297,3,5,True
mint,3,S19,6.484985351562413e-05,0.0005435943603515623,0.002445697784423828,3,5,True
mint,3,S2,-0.016057729721069336,-0.0019752979278564488,0.007227897644042969,3,5,True
mint,3,S20,-0.002393086751302084,7.551908493041949e-05,0.000970005989074707,3,5,True
mint,3,S21,-0.000896890958150228,-4.0203332901001085e-05,0.00041168928146362305,3,5,True
mint,3,S22,-0.0006466905275980633,0.0001744329929351806,0.0006470680236816406,3,5,True
mint,3,S23,-0.0016126632690429692,-5.054473876953212e-05,0.0005538463592529297,3,5,True
mint,3,S24,-0.0010631084442138674,0.0005990862846374507,0.002794504165649414,3,5,True
mint,3,S25,-0.001090367635091146,0.00023353099822998036,0.0009549856185913086,3,5,True
mint,3,S26,-0.005173722902933758,0.0013744831085205074,0.004505276679992676,3,5,True
mint,3,S27,-0.002634763717651367,-0.002091646194458008,-0.0009977817535400395,3,5,True
mint,3,S28,-0.004517475763956707,-0.0003147721290588383,0.0026079416275024414,3,5,True
mint,3,S29,-0.00464316209157308,0.0003246665000915522,0.0024213790893554688,3,5,True
mint,3,S3,-0.00031518936157226573,-9.298324584960948e-05,0.0002467632293701172,3,5,True
mint,3,S30,-0.0003654956817626954,4.547834396362302e-05,0.0002338886260986328,3,5,True
mint,3,S31,-0.0033111572265625,-0.001962900161743165,-0.00011523564656575527,3,5,True
mint,3,S32,-0.0007263223330179852,0.0003647208213806151,0.0007911920547485352,3,5,True
mint,3,S4,-0.011065721511840822,-0.0023421049118042014,0.0030541419982910156,3,5,True
mint,3,S5,-0.002499500910441081,-0.001092970371246338,0.001106858253479004,3,5,True
mint,3,S6,-3.353754679361979e-05,-1.4767050743103038e-05,2.98917293548584e-05,3,5,True
mint,3,S7,2.9563903808593696e-05,0.00023055076599121083,0.0003917217254638672,3,5,True
mint,3,S8,-0.002211888631184896,-0.0009204149246215822,0.0012181997299194336,3,5,True
mint,3,S9,-0.002796967824300131,-0.00016576051712036198,0.0011866092681884766,3,5,True
mint,4,S1,-0.007297694683074951,0.008273839950561508,0.020346546173095705,3,6,True
mint,4,S10,-7.474422454833987e-05,2.3398134443494967e-05,0.00011303424835205077,3,6,True
mint,4,S11,-0.00030200183391571045,-0.00018730759620666504,5.427002906799341e-05,3,6,True
mint,4,S12,-0.0008089132606983186,-7.468461990356478e-05,0.0011157631874084474,3,6,True
mint,4,S13,-0.0007635056972503662,-8.392333984375e-05,0.0011922121047973633,3,6,True
mint,4,S14,-0.0006562545895576477,7.468461990356445e-05,0.0010401606559753418,3,6,True
mint,4,S15,-0.0015872418880462644,0.0012725591659545898,0.001680135726928711,3,6,True
mint,4,S16,-0.0002277977764606476,-3.2395124435424805e-05,0.00032269954681396484,3,6,True
mint,4,S17,-0.002295821905136109,-0.0010366439819335938,0.002856314182281494,3,6,True
mint,4,S18,-0.0010134167969226837,-0.00046509504318237305,0.001381009817123413,3,6,True
mint,4,S19,-0.001286968588829041,0.00036859512329101557,0.0004502773284912109,3,6,True
mint,4,S2,-0.0074758827686309814,0.006360292434692376,0.01834714412689209,3,6,True
mint,4,S20,-0.001334458589553833,2.5272369384765625e-05,0.0020092129707336426,3,6,True
mint,4,S21,-0.0004498772323131562,-7.11679458618164e-05,0.0006663501262664795,3,6,True
mint,4,S22,-0.00047567859292030334,0.0001989603042602539,0.0008057951927185059,3,6,True
mint,4,S23,-0.0010990142822265626,7.343292236328125e-05,0.0009327232837677003,3,6,True
mint,4,S24,-0.000889904797077179,0.0012031793594360352,0.0021979212760925293,3,6,True
mint,4,S25,-0.0009220093488693237,0.00030416250228881836,0.0011498332023620605,3,6,True
mint,4,S26,-0.003382086753845215,0.0017967820167541478,0.004993939399719238,3,6,True
mint,4,S27,-0.0008578002452850344,0.0001227988137139214,0.0004672855138778687,3,6,True
mint,4,S28,-0.0024314969778060917,-0.0012776255607604985,0.002590656280517578,3,6,True
mint,4,S29,-0.0023235082626342773,-0.000599205493927002,0.003401815891265869,3,6,True
mint,4,S3,-0.0021261692047119143,3.6027696397569445e-05,0.00015293061733245855,3,6,True
mint,4,S30,-0.00018520280718803406,-8.991360664367676e-05,0.00028321146965026855,3,6,True
mint,4,S31,-0.001944899559020996,8.249282836914062e-05,0.00047138333320617687,3,6,True
mint,4,S32,-0.0004743561148643494,9.518861770629883e-05,0.0006997585296630859,3,6,True
mint,4,S4,-0.004450328648090363,0.0010378956794738744,0.008512115478515625,3,6,True
mint,4,S5,-0.0008561089634895327,-0.0006240010261535645,0.0010799288749694825,3,6,True
mint,4,S6,-3.9720907807350165e-05,-2.1383166313171393e-05,1.569688320159912e-05,3,6,True
mint,4,S7,-0.001301392912864685,-0.0009303092956542971,-0.00034942626953125003,3,6,True
mint,4,S8,-0.000993616878986359,-0.0005760788917541506,0.0010578632354736328,3,6,True
mint,4,S9,-0.0014338642358779907,0.0009016394615173327,0.002817249298095703,3,6,True
mint,5,S1,-0.00455474853515625,0.00884634256362915,0.009596049785614014,4,9,True
mint,5,S10,-0.0001558363437652588,-0.0001051187515258789,-4.4686453683035725e-05,4,9,True
mint,5,S11,0.00023674964904785156,0.0007564624150594076,0.0009227097034454344,4,9,True
mint,5,S12,-0.0007162928581237793,-0.000475466251373291,0.00011759251356124856,4,9,True
mint,5,S13,-0.0006802082061767578,-0.000334322452545166,0.0002302974462509153,4,9,True
mint,5,S14,-0.00046848058700561525,-4.772841930389404e-05,0.00028657913208007796,4,9,True
mint,5,S15,0.00027213777814592637,0.0012612660725911458,0.0016956925392150877,4,9,True
mint,5,S16,-0.00023620128631591798,-0.00017306208610534668,2.3894011974334635e-05,4,9,True
mint,5,S17,-0.0037119030952453614,-0.002578425407409668,7.064640522003087e-05,4,9,True
mint,5,S18,-0.001335906982421875,-0.0009832382202148438,0.00010027736425399759,4,9,True
mint,5,S19,-0.0017164775303431918,0.0001720786094665528,0.00034385919570922857,4,9,True
mint,5,S2,-0.005544805526733398,0.004446148872375488,0.007249265909194945,4,9,True
mint,5,S20,-0.00106356143951416,0.00015115737915039062,0.0007225871086120604,4,9,True
mint,5,S21,-0.00047494769096374513,-8.843839168548584e-05,0.00020314007997512815,4,9,True
mint,5,S22,-0.0002909421920776367,0.00036935508251190186,0.0006036460399627686,4,9,True
mint,5,S23,-0.002427801489830017,-0.0007297197977701817,0.00016272068023681646,4,9,True
mint,5,S24,0.0005706037793840684,0.0021869689226150513,0.002720107634862264,4,9,True
mint,5,S25,-0.00044821500778198243,0.00035619735717773416,0.0008386969566345215,4,9,True
mint,5,S26,-0.001883220672607422,0.0018392652273178096,0.004538342356681823,4,9,True
mint,5,S27,-0.0020638465881347655,-0.0005748569965362549,-0.00042985379695892334,4,9,True
mint,5,S28,-0.0025296092033386232,-0.0009614740099225734,0.0009486228227615355,4,9,True
mint,5,S29,-0.0023426532745361326,9.880959987640294e-05,0.0016370564699172974,4,9,True
mint,5,S3,-0.0006996691226959229,-0.000401411737714495,9.608268737792969e-05,4,9,True
mint,5,S30,-0.00016707181930541992,-1.3969838619232259e-05,0.0001591220498085022,4,9,True
mint,5,S31,-0.002576112747192383,-0.00048774480819702154,-6.878376007080086e-05,4,9,True
mint,5,S32,-0.00020084977149963378,0.0001994892954826354,0.0007679685950279235,4,9,True
mint,5,S4,-0.0044062137603759766,-0.0023499727249145508,0.0011153519153594958,4,9,True
mint,5,S5,-0.001853659749031067,-0.0011828184127807618,-0.0005935004779270721,4,9,True
mint,5,S6,-3.101825714111328e-05,-2.7060508728027344e-05,-2.201646566390994e-06,4,9,True
mint,5,S7,-0.0007804334163665769,0.0003478527069091798,0.000715211033821106,4,9,True
mint,5,S8,-0.0013474345207214356,-0.0009080410003662109,-0.00017552077770233176,4,9,True
mint,5,S9,-0.0009346246719360351,0.0007030963897705078,0.0011335015296936033,4,9,True
mint,6,S1,0.0006484687328338653,0.009745381095192658,0.03808706998825074,3,12,True
mint,6,S10,-4.801579884120392e-05,5.6803226470947306e-05,0.00010716915130615237,3,12,True
mint,6,S11,-0.001151970454624721,9.450316429138175e-05,0.0005865097045898438,3,12,True
mint,6,S12,-0.000393818725239147,0.0005759119987487792,0.0013935677707195282,3,12,True
mint,6,S13,-0.0004895004359158603,0.0006654479286887431,0.0014862865209579472,3,12,True
mint,6,S14,-0.00036808035590431905,0.0005505247549577194,0.0013375468552112584,3,12,True
mint,6,S15,-0.0004489205100319602,-0.00031110899788992747,-0.0003011226654052727,3,12,True
mint,6,S16,-0.00014234672893177384,0.0001563446862357003,0.00040168687701225275,3,12,True
mint,6,S17,-0.001482925631783226,0.0016890968595232282,0.004317604005336761,3,12,True
mint,6,S18,-0.000761124220761386,0.0007746355874197823,0.0018576160073280332,3,12,True
mint,6,S19,-0.00071503221988678,0.00016140937805175806,0.0009269629205976208,3,12,True
mint,6,S2,8.205934004350344e-05,0.00909824804826217,0.03310386836528779,3,12,True
mint,6,S20,-0.0008074912157925692,0.0011426752263849435,0.00268329679965973,3,12,True
mint,6,S21,-0.00027436288920315837,0.00034228733607700887,0.0008916184306144714,3,12,True
mint,6,S22,-0.00015721363680703263,0.0003301284529946074,0.0009852759540081026,3,12,True
mint,6,S23,-0.0013173733438764299,7.641315460205086e-05,0.0004370957612991333,3,12,True
mint,6,S24,-0.00016247142444957344,0.0009489059448242192,0.002328351140022278,3,12,True
mint,6,S25,-0.00031529773365367544,0.0006687857887961649,0.0016618147492408757,3,12,True
mint,6,S26,-0.0007650798017328433,0.0020006895065307704,0.007989436388015749,3,12,True
mint,6,S27,-0.0014735800879342215,-0.000124320387840271,0.00019435449080033791,3,12,True
mint,6,S28,-0.0015573122284629132,0.0017822980880737311,0.0034204423427581796,3,12,True
mint,6,S29,-0.0013378370891917839,0.001887168203081403,0.0046764761209487915,3,12,True
mint,6,S3,-0.0026845037937164307,-0.00020170211791992177,0.0008571445941925038,3,12,True
mint,6,S30,-0.00011898441748185594,0.00016963481903076204,0.0003252550959587098,3,12,True
mint,6,S31,-0.0016497915441339667,-0.0002996104104178292,0.0002626106142997747,3,12,True
mint,6,S32,-0.00019904158332131113,0.000573098659515381,0.0008661113679409027,3,12,True
mint,6,S4,-0.0028700069947676225,0.004921696402809837,0.012378789484500887,3,12,True
mint,6,S5,-0.0008660825816067783,0.0007571578025817873,0.0012764111161232,3,12,True
mint,6,S6,-1.68774276971817e-05,-2.5819648395885016e-06,2.4738636883822308e-05,3,12,True
mint,6,S7,-0.0008637649672371996,-0.00030040740966796875,0.00022453069686889638,3,12,True
mint,6,S8,-0.000782375985925848,0.000941753387451172,0.0012915804982185368,3,12,True
mint,6,S9,-6.999714033944127e-05,0.001407894221219151,0.00421188771724701,3,12,True
mint,7,S1,-0.005449485778808596,0.005648771921793621,0.017301440238952637,2,8,True
mint,7,S10,-0.0001405477523803711,1.8346309661865272e-05,8.571147918701196e-05,2,8,True
mint,7,S11,-0.0007157325744628906,0.0010938793420791628,0.0023885965347290043,2,8,True
mint,7,S12,-0.0008520007133483887,0.0004354342818260193,0.001022577285766603,2,8,True
mint,7,S13,-0.0009387254714965821,0.00037285685539245605,0.0011556148529052747,2,8,True
mint,7,S14,-0.0006263256072998048,0.00029511749744415283,0.00102221965789795,2,8,True
mint,7,S15,-0.0012289285659790046,0.0005391120910644532,0.0007302761077880885,2,8,True
mint,7,S16,-0.000259244441986084,4.71532344818116e-05,0.0002905726432800298,2,8,True
mint,7,S17,-0.0028046369552612305,-4.843473434448147e-05,0.0025306940078735404,2,8,True
mint,7,S18,-0.0012057662010192872,-0.00010437965393066367,0.0012679696083068876,2,8,True
mint,7,S19,-0.0002574920654296876,0.0003319382667541504,0.001582235097885133,2,8,True
mint,7,S2,-0.0058623313903808615,0.004599422216415406,0.015769720077514652,2,8,True
mint,7,S20,-0.0013899564743041993,0.0007051825523376465,0.001849770545959475,2,8,True
mint,7,S21,-0.0005242347717285157,0.00012269616127014182,0.0006228685379028331,2,8,True
mint,7,S22,-0.000427544116973877,0.00022672861814498901,0.0007696151733398443,2,8,True
mint,7,S23,5.5789947509765625e-05,0.00027020772298177087,0.001359879970550538,2,8,True
mint,7,S24,-0.00043175220489501966,0.0003712972005208335,0.0019732117652893066,2,8,True
mint,7,S25,-0.0006763935089111328,0.000575333833694458,0.0008900165557861336,2,8,True
mint,7,S26,-0.0025819301605224613,0.001956343650817871,0.004557490348815922,2,8,True
mint,7,S27,-0.0006029307842254641,-4.231929779052733e-05,0.0002533197402954102,2,8,True
mint,7,S28,-0.0029596924781799317,0.00018585920333862417,0.0018819570541381886,2,8,True
mint,7,S29,-0.0025995731353759765,0.000580310821533204,0.0029244422912597717,2,8,True
mint,7,S3,-0.0009177327156066901,9.134411811828654e-06,0.0015256007512410488,2,8,True
mint,7,S30,-0.00022687911987304688,3.1471252441406304e-05,0.0002644062042236332,2,8,True
mint,7,S31,-0.0006696581840515137,-0.00022408366203308105,0.0004301071166992213,2,8,True
mint,7,S32,-0.0004839122295379639,0.0003852471709251404,0.0006083250045776377,2,8,True
mint,7,S4,-0.005059289932250978,0.0025125890970230103,0.007835268974304206,2,8,True
mint,7,S5,-0.0012228727340698243,-0.0003488659858703611,0.0009076595306396511,2,8,True
mint,7,S6,-2.7132034301757812e-05,-1.8924474716185575e-07,2.0325183868408217e-05,2,8,True
mint,7,S7,-0.00026482343673706076,0.0008696913719177246,0.001251220703125001,2,8,True
mint,7,S8,-0.0011287569999694825,-0.00010862350463867153,0.0007455348968505883,2,8,True
mint,7,S9,-0.0011209249496459965,0.0006605237722396852,0.0027537345886230477,2,8,True
mint,8,S1,-0.0052378177642822266,0.04380190372467041,0.09284162521362305,1,2,False
mint,8,S10,-0.00019681453704833984,0.00023251771926879883,0.0006618499755859375,1,2,False
mint,8,S11,0.0026023387908935547,0.002629876136779785,0.0026574134826660156,1,2,False
mint,8,S12,-0.0008088350296020508,0.0023901164531707764,0.0055890679359436035,1,2,False
mint,8,S13,-0.0007574558258056641,0.0024805665016174316,0.005718588829040527,1,2,False
mint,8,S14,-0.00046771764755249023,0.0021702349185943604,0.004808187484741211,1,2,False
mint,8,S15,0.0012285709381103516,0.0020140409469604492,0.002799510955810547,1,2,False
mint,8,S16,-0.0002843141555786133,0.0007065534591674805,0.0016974210739135742,1,2,False
mint,8,S17,-0.003663778305053711,0.007880985736846924,0.01942574977874756,1,2,False
mint,8,S18,-0.0014264583587646484,0.003342270851135254,0.008111000061035156,1,2,False
mint,8,S19,0.0020055770874023438,0.0025787353515625,0.0031518936157226562,1,2,False
mint,8,S2,-0.006487131118774414,0.03891277313232422,0.08431267738342285,1,2,False
mint,8,S20,-0.0008345842361450195,0.0045912861824035645,0.010017156600952148,1,2,False
mint,8,S21,-0.00043457746505737305,0.001614212989807129,0.003663003444671631,1,2,False
mint,8,S22,-4.488229751586914e-05,0.0017951130867004395,0.003635108470916748,1,2,False
mint,8,S23,0.0004875659942626953,0.001765608787536621,0.003043651580810547,1,2,False
mint,8,S24,0.0012509822845458984,0.004391133785247803,0.007531285285949707,1,2,False
mint,8,S25,-0.00012481212615966797,0.0029651522636413574,0.006055116653442383,1,2,False
mint,8,S26,-0.0010694265365600586,0.013367235660552979,0.027803897857666016,1,2,False
mint,8,S27,-0.0023462772369384766,-0.0008289813995361328,0.0006883144378662109,1,2,False
mint,8,S28,-0.001639723777770996,0.007783114910125732,0.01720595359802246,1,2,False
mint,8,S29,-0.0023196935653686523,0.008854269981384277,0.020028233528137207,1,2,False
mint,8,S3,-0.0006110668182373047,-0.00028634071350097656,3.838539123535156e-05,1,2,False
mint,8,S30,-0.00010889768600463867,0.0006851255893707275,0.0014791488647460938,1,2,False
mint,8,S31,-0.003263711929321289,-0.0014029741287231445,0.000457763671875,1,2,False
mint,8,S32,-6.35981559753418e-05,0.00196075439453125,0.003985106945037842,1,2,False
mint,8,S4,-0.006071329116821289,0.017173469066619873,0.040418267250061035,1,2,False
mint,8,S5,-0.0019272565841674805,0.0023126602172851562,0.006552577018737793,1,2,False
mint,8,S6,-2.6017427444458008e-05,1.9431114196777344e-05,6.48796558380127e-05,1,2,False
mint,8,S7,0.002041339874267578,0.002060413360595703,0.002079486846923828,1,2,False
mint,8,S8,-0.0011965036392211914,0.0025696754455566406,0.006335854530334473,1,2,False
mint,8,S9,-0.0008913278579711914,0.005483686923980713,0.011858701705932617,1,2,False
mint,9,S1,-0.0026165246963500994,0.006336033344268798,0.016529321670532227,2,4,True
mint,9,S10,-2.9802322387695346e-06,3.5256147384643555e-05,8.988380432128906e-05,2,4,True
mint,9,S11,0.0011384487152099592,0.0019198656082153318,0.002211630344390869,2,4,True
mint,9,S12,-0.00015518069267272952,0.00026956945657730097,0.0010845363140106201,2,4,True
mint,9,S13,-0.00017338991165161136,0.00025136768817901606,0.0012196898460388184,2,4,True
mint,9,S14,-0.00021305680274963384,0.0002478137612342834,0.001075834035873413,2,4,True
mint,9,S15,-5.125999450684461e-06,7.131695747375487e-05,0.0005543231964111328,2,4,True
mint,9,S16,-5.990266799926758e-05,3.8318336009979234e-05,0.00029793381690979004,2,4,True
mint,9,S17,-0.00016635656356811526,0.0006578564643859862,0.002652883529663086,2,4,True
mint,9,S18,-5.5193901062011746e-05,0.0003754496574401855,0.0013253092765808105,2,4,True
mint,9,S19,-0.00026893615722656337,-0.00012660026550292971,-3.0219554901123047e-05,2,4,True
mint,9,S2,-0.001969933509826661,0.005655765533447265,0.015511274337768555,2,4,True
mint,9,S20,-0.00036609172821044933,0.000480249524116516,0.002014338970184326,2,4,True
mint,9,S21,-5.733966827392581e-05,0.00020257383584976194,0.0006674230098724365,2,4,True
mint,9,S22,-0.00017979741096496587,0.00023849308490753168,0.0008490085601806641,2,4,True
mint,9,S23,-0.0002703666687011719,0.00036582350730895985,0.0020515918731689453,2,4,True
mint,9,S24,-0.00053936243057251,0.000621005892753601,0.0019397139549255371,2,4,True
mint,9,S25,-0.0001698732376098633,0.00024624168872833247,0.0010704398155212402,2,4,True
mint,9,S26,-0.0007117390632629399,0.001840129494667053,0.005240499973297119,2,4,True
mint,9,S27,-0.0018939971923828125,-0.0010491013526916506,-0.000274658203125,2,4,True
mint,9,S28,-0.0003671050071716311,0.0007350742816925048,0.0019335746765136719,2,4,True
mint,9,S29,-4.0709972381591905e-05,0.0011038482189178467,0.0031164884567260742,2,4,True
mint,9,S3,-0.001607656478881836,-0.0005919039249420168,0.0006413459777832031,2,4,True
mint,9,S30,-6.1988830566406386e-06,0.0001020282506942749,0.00023233890533447266,2,4,True
mint,9,S31,-0.0004433393478393555,0.0003578662872314452,0.0019114017486572266,2,4,True
mint,9,S32,-0.00015503168106079107,0.00021207332611083982,0.0007057785987854004,2,4,True
mint,9,S4,-0.0009642243385314944,0.002141371369361877,0.007907450199127197,2,4,True
mint,9,S5,3.0875205993652344e-05,8.612871170043944e-05,0.0008221268653869629,2,4,True
mint,9,S6,-6.437301635742193e-06,-4.380941390991211e-06,2.25752592086792e-06,2,4,True
mint,9,S7,-0.0003958940505981452,-0.00035700201988220215,0.0007150769233703613,2,4,True
mint,9,S8,-6.085634231567388e-05,0.0003053396940231323,0.0007621645927429199,2,4,True
mint,9,S9,-0.0004001855850219729,0.0009053796529769896,0.002805054187774658,2,4,True
mint,16,S1,0.009281635284423828,0.009281635284423828,0.009281635284423828,1,1,False
mint,16,S10,-7.05718994140625e-05,-7.05718994140625e-05,-7.05718994140625e-05,1,1,False
mint,16,S11,-0.00015473365783691406,-0.00015473365783691406,-0.00015473365783691406,1,1,False
mint,16,S12,-0.0002790689468383789,-0.0002790689468383789,-0.0002790689468383789,1,1,False
mint,16,S13,-0.00015294551849365234,-0.00015294551849365234,-0.00015294551849365234,1,1,False
mint,16,S14,1.055002212524414e-05,1.055002212524414e-05,1.055002212524414e-05,1,1,False
mint,16,S15,-0.0003247261047363281,-0.0003247261047363281,-0.0003247261047363281,1,1,False
mint,16,S16,-8.344650268554688e-05,-8.344650268554688e-05,-8.344650268554688e-05,1,1,False
mint,16,S17,-0.0017888545989990234,-0.0017888545989990234,-0.0017888545989990234,1,1,False
mint,16,S18,-0.0007322430610656738,-0.0007322430610656738,-0.0007322430610656738,1,1,False
mint,16,S19,1.71661376953125e-05,1.71661376953125e-05,1.71661376953125e-05,1,1,False
mint,16,S2,0.006306648254394531,0.006306648254394531,0.006306648254394531,1,1,False
mint,16,S20,-5.030632019042969e-05,-5.030632019042969e-05,-5.030632019042969e-05,1,1,False
mint,16,S21,-0.00013375282287597656,-0.00013375282287597656,-0.00013375282287597656,1,1,False
mint,16,S22,0.0001996159553527832,0.0001996159553527832,0.0001996159553527832,1,1,False
mint,16,S23,0.002271413803100586,0.002271413803100586,0.002271413803100586,1,1,False
mint,16,S24,0.0013031959533691406,0.0013031959533691406,0.0013031959533691406,1,1,False
mint,16,S25,-0.0001558065414428711,-0.0001558065414428711,-0.0001558065414428711,1,1,False
mint,16,S26,0.000813603401184082,0.000813603401184082,0.000813603401184082,1,1,False
mint,16,S27,0.0004925727844238281,0.0004925727844238281,0.0004925727844238281,1,1,False
mint,16,S28,-0.0013549327850341797,-0.0013549327850341797,-0.0013549327850341797,1,1,False
mint,16,S29,-0.0009608268737792969,-0.0009608268737792969,-0.0009608268737792969,1,1,False
mint,16,S3,-4.696846008300781e-05,-4.696846008300781e-05,-4.696846008300781e-05,1,1,False
mint,16,S30,-8.118152618408203e-05,-8.118152618408203e-05,-8.118152618408203e-05,1,1,False
mint,16,S31,-0.002560853958129883,-0.002560853958129883,-0.002560853958129883,1,1,False
mint,16,S32,-8.100271224975586e-05,-8.100271224975586e-05,-8.100271224975586e-05,1,1,False
mint,16,S4,-0.00016689300537109375,-0.00016689300537109375,-0.00016689300537109375,1,1,False
mint,16,S5,-0.001157999038696289,-0.001157999038696289,-0.001157999038696289,1,1,False
mint,16,S6,-2.1129846572875977e-05,-2.1129846572875977e-05,-2.1129846572875977e-05,1,1,False
mint,16,S7,-0.00040793418884277344,-0.00040793418884277344,-0.00040793418884277344,1,1,False
mint,16,S8,-0.0007985830307006836,-0.0007985830307006836,-0.0007985830307006836,1,1,False
mint,16,S9,0.0007292032241821289,0.0007292032241821289,0.0007292032241821289,1,1,False
