host_timestamp_utc,elapsed_s,camera_timestamp_ms,frame_number,visible_cube_faces,num_snout_estimates,snout_cam_x_m,snout_cam_y_m,snout_cam_z_m,snout_desk_x_m,snout_desk_y_m,snout_desk_z_m,delta_from_baseline_cm,delta_x_cm,delta_y_cm,delta_z_cm
2026-07-17T21:16:31.678+00:00,40.802741,1784322991634.183,1208,0;2,2,0.14506256171167597,-0.18814663462023867,0.23358887932536943,0.42541638814604865,-0.40029406314129695,-0.48533242762734996,10.931183930944226,-1.5346958516497367,10.717842811333893,1.5044388477438053
2026-07-17T21:16:31.710+00:00,40.835871,1784322991667.523,1209,0;2,2,0.14664668469382303,-0.18494118556781836,0.23360701876773274,0.4283873116365906,-0.3983058763599894,-0.485258907388111,11.090115966249186,-1.2376035025955412,10.916661489464651,1.5117908716677009
2026-07-17T21:16:31.745+00:00,40.869209,1784322991700.864,1210,0;2,2,0.14920759434303946,-0.18910879367654565,0.23658595896369614,0.4282955288526995,-0.40294448715963055,-0.4819009070842784,10.687801146708862,-1.2467817809846515,10.452800409500535,1.8475909020509607
2026-07-17T21:16:31.777+00:00,40.902153,1784322991734.204,1211,0;2,2,0.14755849999446552,-0.185389116479915,0.23759823194551538,0.4286644584773176,-0.39882997868377856,-0.4811833291152916,11.098634409621537,-1.2098888185228418,10.864251257085733,1.919348698949641
2026-07-17T21:16:31.812+00:00,40.936159,1784322991767.543,1212,0;2,2,0.15282726036376792,-0.18466572702178607,0.23673971542925168,0.4336324716360996,-0.40088448968716267,-0.4815268528220488,10.847659919333333,-0.7130875026446437,10.658800156747322,1.884996328273919
2026-07-17T21:16:31.844+00:00,40.969009,1784322991800.884,1213,0;2,2,0.15044556376763443,-0.1860795251209628,0.23775033873004095,0.4307978120029151,-0.4008464713262967,-0.48071696235686273,10.888034651028947,-0.9965534659630904,10.66260199283392,1.9659853747925282
2026-07-17T21:16:31.877+00:00,41.002133,1784322991834.224,1214,0;2,2,0.1518938005310071,-0.18922818110610068,0.23979885140156554,0.41788444315483325,-0.4189699103258338,-0.4828864897983676,9.30702023801359,-2.287890350771277,8.850258092880209,1.749032630642039
2026-07-17T21:16:31.911+00:00,41.03561,1784322991867.564,1215,0;2,2,0.15044556376763443,-0.1860795251209628,0.23775033873004095,0.41836672401997144,-0.4157359440819951,-0.48523525455920646,9.563717728472891,-2.239662264257458,9.173654717264078,1.514156154558155
2026-07-17T21:16:31.945+00:00,41.069268,1784322991900.903,1216,0;2,2,0.15205864140842335,-0.18236949848100317,0.2341256355509213,0.4343065188618084,-0.3987241056174776,-0.4842791709775822,11.012282316839649,-0.6456827800737641,10.874838563715826,1.6097645127205795
2026-07-17T21:16:31.979+00:00,41.102736,1784322991934.243,1217,0;2,2,0.14774309536621305,-0.18869734272857924,0.23776928590937044,0.4271540645514255,-0.4017690430420492,-0.48088616466798384,10.834351395926783,-1.3609282111120502,10.57034482125867,1.9490651436804174
2026-07-17T21:16:32.011+00:00,41.135714,1784322991967.583,1218,0;2,2,0.1500882749887546,-0.1861148533296758,0.23737158352844198,0.41806237522145784,-0.41562150872443016,-0.4856434643268075,9.575494112967217,-2.270097144108818,9.185098253020573,1.473335177798052
2026-07-17T21:16:32.043+00:00,41.169162,1784322992000.923,1219,0;2,2,0.14880910351186968,-0.185481429950478,0.235267521895752,0.4298632212978878,-0.3997140326578027,-0.4833710577414448,10.963527693969262,-1.090012536465823,10.775845859683319,1.7005758363343226
2026-07-17T21:16:32.076+00:00,41.202545,1784322992034.263,1220,0;2,2,0.14817126827270688,-0.19013181936596202,0.239905598026742,0.4266522156460334,-0.40305311288826307,-0.478671622496319,10.758088132454596,-1.4111131016512624,10.441937836637283,2.170519360846901
2026-07-17T21:16:32.111+00:00,41.235486,1784322992067.603,1221,0;2,2,0.15143701537566395,-0.1866018907683543,0.23734247260493316,0.41896952391474246,-0.41672535332132715,-0.4855179179290263,9.450291322518739,-2.179382274780356,9.074713793330874,1.4858898175761692
2026-07-17T21:16:32.145+00:00,41.269024,1784322992100.943,1222,0;2,2,0.15257911397088392,-0.1850814021506066,0.23597404569433575,0.43326484654738323,-0.4011814453267052,-0.48229969286389307,10.807773282733624,-0.7498500115162787,10.62910459279307,1.8077123240894943
2026-07-17T21:16:32.177+00:00,41.302305,1784322992134.283,1223,0;2,2,0.15052615028621444,-0.1869765130792065,0.23814187133128553,0.43038998641216775,-0.40163123265391604,-0.480290104876838,10.822871427224678,-1.0373360250378272,10.584125860071985,2.0086711227950027
2026-07-17T21:16:32.211+00:00,41.335823,1784322992167.623,1224,0;2,2,0.1518852180817868,-0.18604814929050356,0.23757406974878015,0.4320678187419662,-0.40154705420408976,-0.480747396792249,10.807925112025098,-0.8695527920579815,10.592543705054613,1.9629419312539031
2026-07-17T21:16:32.244+00:00,41.368959,1784322992200.963,1225,0;2,2,0.14995943063235367,-0.18479831932857244,0.23017284296806556,0.43156126501963654,-0.4000961533875797,-0.4883426045076935,10.843974589174682,-0.9202081642909476,10.737633786705619,1.2034211597094502
2026-07-17T21:16:32.278+00:00,41.402629,1784322992234.303,1226,0;2,2,0.15080057836275634,-0.18638610230650068,0.23853917774361427,0.43089411403109096,-0.4012252970956467,-0.4798865956435229,10.865411705933179,-0.986923263145506,10.62471941589892,2.049022046126514
2026-07-17T21:16:32.311+00:00,41.435623,1784322992267.643,1227,0;2,2,0.14838592731110176,-0.18965287602328978,0.23813287899012622,0.42720384068518286,-0.4028854086920736,-0.48042820529533486,10.733249794226069,-1.3559505977363162,10.458708256256227,1.994861080945315
2026-07-17T21:16:32.344+00:00,41.469132,1784322992300.983,1228,0;2,2,0.146931307166641,-0.1880044774390671,0.2357621241153821,0.4269442835156562,-0.4009259379612159,-0.482986861361304,10.883724110315244,-1.3819063146889798,10.654655329341999,1.7389954743484037
2026-07-17T21:16:32.378+00:00,41.502414,1784322992334.323,1229,0;2,2,0.15078784352122063,-0.1918738155156538,0.24174573321513426,0.4279049453647195,-0.4057115613816836,-0.4765197781738863,10.530804143739614,-1.2858401297826505,10.176092987295227,2.3857037930901717
2026-07-17T21:16:32.412+00:00,41.536178,1784322992367.662,1230,0;2,2,0.15119527147110162,-0.1930798957403082,0.2430880130833637,0.42755630559060476,-0.40685056197076336,-0.47510433822345327,10.458440000758785,-1.3207041071941261,10.062192928387253,2.527247788133474
2026-07-17T21:16:32.443+00:00,41.568693,1784322992401.002,1231,0;2,2,0.15151001929551025,-0.18889437212758672,0.2365430161786208,0.4303918657190914,-0.4039039988106528,-0.48171735741970007,10.574580673719563,-1.0371480943454636,10.356849244398308,1.8659458685087948
2026-07-17T21:16:32.476+00:00,41.602204,1784322992434.343,1232,0;2,2,0.15382772179435727,-0.18409253818342314,0.23705729087846325,0.43475986805069133,-0.4008597200926677,-0.48112849811074654,10.850263810560985,-0.6003478611854685,10.661277116196821,1.9248317994041475
2026-07-17T21:16:32.511+00:00,41.635778,1784322992467.683,1233,0;2,2,0.15003426569525385,-0.18371219269371927,0.23292608310352333,0.4319734306991365,-0.3989763935964555,-0.48563301781229207,10.98455525626187,-0.87899159634095,10.849609765818041,1.4743798292495947
2026-07-17T21:16:32.545+00:00,41.669602,1784322992501.023,1234,0;2,2,0.15132476357956193,-0.1843148387323315,0.23501916559984168,0.44770987736344225,-0.38260351576067997,-0.4748107871440199,12.76484906550465,0.6946530700896236,12.486897549395593,2.5566028960768095
2026-07-17T21:16:32.577+00:00,41.702277,1784322992534.363,1235,0;2,2,0.15105037218845674,-0.18794677985777208,0.2348944784650077,0.41807671666535684,-0.4179169434779083,-0.48791247489020756,9.32214520383189,-2.268662999718918,8.95555477767276,1.2464341214580454
2026-07-17T21:16:32.611+00:00,41.735936,1784322992567.703,1236,0;2,2,0.14814560666155277,-0.1864694889853976,0.23590459130273442,0.42875046973153763,-0.4001892327010301,-0.482772463532751,10.937970564743708,-1.2012876931008387,10.728325855360582,1.7604352572037019
2026-07-17T21:16:32.644+00:00,41.769057,1784322992601.043,1237,0;2,2,0.14912879973146365,-0.1866123536844132,0.23629564931236652,0.42949898921846963,-0.4007693604157241,-0.48227933503613984,10.881159267506348,-1.126435744407639,10.67031308389118,1.809748106864817
2026-07-17T21:16:32.678+00:00,41.802783,1784322992634.383,1238,0;2,2,0.14876383774700402,-0.19031437113085645,0.23785630301362828,0.4272181265655949,-0.4036667142432357,-0.4806432492327486,10.652946066656229,-1.3545220096951138,10.38057770114002,1.973356687203942
2026-07-17T21:16:32.712+00:00,41.83577,1784322992667.723,1239,0;2,2,0.14756821285060573,-0.19241301362674718,0.24011831245250856,0.42497403295164815,-0.4047101540613264,-0.478446482718552,10.62560111020739,-1.5789313710897868,10.276233719330952,2.193033338623601
2026-07-17T21:16:32.744+00:00,41.869193,1784322992701.063,1240,0;2,2,0.15080057836275634,-0.18638610230650068,0.23853917774361427,0.43089411403109096,-0.4012252970956467,-0.4798865956435229,10.865411705933179,-0.986923263145506,10.62471941589892,2.049022046126514
2026-07-17T21:16:32.777+00:00,41.902921,1784322992734.404,1241,0;2,2,0.1487378766403501,-0.1864783966188393,0.2355392008129018,0.4292829225482525,-0.40051945887905066,-0.48307547830648434,10.894993144462298,-1.1480424114293508,10.695303237558523,1.7301337798303673
2026-07-17T21:16:32.811+00:00,41.935968,1784322992767.744,1242,0;2,2,0.1518635131641028,-0.18989799170723792,0.23941967446216045,0.4299886176588804,-0.40471992525757416,-0.47878835962332006,10.554736404730908,-1.0774729003665606,10.275256599706173,2.1588456481467952
2026-07-17T21:16:32.844+00:00,41.969183,1784322992801.083,1243,0;2,2,0.15729367143564343,-0.19368867104788814,0.24068913559783167,0.43268242831068515,-0.4105902227071103,-0.4768517666565903,10.002451275494648,-0.8080918351860866,9.688226854752557,2.3525049448197723
2026-07-17T21:16:32.877+00:00,42.002584,1784322992834.423,1244,0;2,2,0.16380195066193626,-0.1945917964546342,0.24109841254476114,0.42526637221589003,-0.4294768931734272,-0.4801714017536479,8.204711028517101,-1.5496974446655987,7.79955980812087,2.0205414351140094
2026-07-17T21:16:32.911+00:00,42.036069,1784322992867.763,1245,0;2,2,0.16614647989439052,-0.19546680393762267,0.24211023842916332,0.42677295316372216,-0.43131772892154935,-0.478895555119632,8.035373986177131,-1.399039349882386,7.615476233308654,2.1481260985156014
2026-07-17T21:16:32.945+00:00,42.069859,1784322992901.103,1246,0;2,2,0.1734390556718063,-0.19742709298497454,0.24244600687657142,0.4446095414575901,-0.42168949072944795,-0.4733466206179314,9.00230407260469,0.38461947950440556,8.578300052518795,2.703019548685659
2026-07-17T21:16:32.976+00:00,42.101947,1784322992934.443,1247,0;2,2,0.17609114143016427,-0.19815415536503997,0.24239645260204173,0.43389902372937006,-0.43863442137442255,-0.47752252957297564,7.285682677033252,-0.6864322933175959,6.883806988021335,2.2854286531812376
2026-07-17T21:16:33.012+00:00,42.136507,1784322992967.783,1248,0;2,2,0.188258103826774,-0.2016486190117544,0.24985315827724294,0.4421385604349778,-0.4470788027384264,-0.46876746430071703,6.817946866166052,0.13752137724317715,6.039368851620952,3.1609351804070984
2026-07-17T21:16:33.045+00:00,42.169558,1784322993001.124,1249,0;2,2,0.1919669196692802,-0.202536322745959,0.2467761156648326,0.457721111466845,-0.4349521998995872,-0.4669965739615433,8.16149435515379,1.6957764804299003,7.252029135504867,3.33802421432447
2026-07-17T21:16:33.077+00:00,42.202702,1784322993034.464,1250,0;2,2,0.19951616188724042,-0.20323813779107808,0.24401472642739336,0.46407785291624026,-0.43952030499427247,-0.4689544112717109,7.841194644255721,2.3314506253694245,6.795218626036342,3.142240483307712
2026-07-17T21:16:33.111+00:00,42.235896,1784322993067.804,1251,0;2,2,0.21064364673752134,-0.20753318504263324,0.25327080401013935,0.46276952517559655,-0.447764108947006,-0.488109785758991,6.480619448823576,2.2006178513050534,5.970838230762987,1.2267030345797014
2026-07-17T21:16:33.145+00:00,42.269436,1784322993101.144,1252,0;2,2,0.20945130408044693,-0.21017261298847117,0.2499528955625472,0.4605466842826036,-0.4497289344190901,-0.4913648151887259,6.1700202300480305,1.9783337620057573,5.774355683554577,0.9012000916062135
2026-07-17T21:16:33.177+00:00,42.302802,1784322993134.484,1253,2,1,0.1905854740295013,-0.1418888996784478,0.2158866386645239,0.4790357918784164,-0.3838343735126404,-0.5300320448440217,13.27802576182228,3.8272445215870365,12.36381177419955,-2.965522873923365
2026-07-17T21:16:33.243+00:00,42.368837,1784322993201.164,1255,2,1,0.219577478771398,-0.15887763431825613,0.24101356754219666,0.4768302269265868,-0.43254921147550845,-0.5090165814801295,8.360001944128369,3.6066880264040755,7.492327977912744,-0.8639765375341502
2026-07-17T21:16:33.277+00:00,42.40247,1784322993234.503,1256,2,1,0.2301050505778796,-0.1613724050894497,0.24369269081183417,0.5050773009484377,-0.42679979042223914,-0.4666022305401997,10.85591636184659,6.431395428589171,8.067270083239675,3.377458556458829
2026-07-17T21:16:33.312+00:00,42.436025,1784322993267.844,1257,2,1,0.2276935574271405,-0.17235784106579197,0.24059562922507277,0.4953872511985268,-0.42655622050681197,-0.5013375501674775,9.763266271299937,5.462390453598076,8.091627074782393,-0.09607340626894834
2026-07-17T21:16:33.345+00:00,42.469706,1784322993301.184,1258,2,1,0.2527239097856045,-0.18463837397334956,0.2731866511693951,0.5099424481669408,-0.44695682959286265,-0.4665314281601842,9.794592220423624,6.917910150439477,6.051566166177325,3.384538794460379
2026-07-17T21:16:33.378+00:00,42.502172,1784322993334.524,1259,2,1,0.260958077804726,-0.1944558834952655,0.28022090706569586,0.4941598020681633,-0.47994723979954435,-0.4646488679963841,6.9894972591645645,5.339645540561727,2.752525145509155,3.5727948108403904
2026-07-17T21:16:33.410+00:00,42.535854,1784322993367.864,1260,2,1,0.26009865365854046,-0.19193937951552906,0.26510845104160397,0.5130308657608937,-0.45753547793903643,-0.47370796788043545,9.180156360937412,7.226751909834772,4.993701331559946,2.666884822435256
2026-07-17T21:16:33.445+00:00,42.57003,1784322993401.205,1261,2,1,0.2730090872580175,-0.18690215259107062,0.26979377100430163,0.526572987941027,-0.4591235844069462,-0.4684075887739212,10.355164327928753,8.580964127848102,4.834890684768972,3.1969227330866823
2026-07-17T21:16:33.477+00:00,42.602394,1784322993434.545,1262,2,1,0.28733448881199597,-0.17867974494666028,0.2696676670654875,0.528236438520258,-0.4875517901023426,-0.4400611069474668,10.810347313892029,8.7473091857712,1.9920701152293274,6.031570915732121
2026-07-17T21:16:33.512+00:00,42.636119,1784322993467.885,1263,2,1,0.28959338061053075,-0.18033893994107128,0.26636983973660083,0.5423049951705134,-0.47379595056108686,-0.4395743749918543,12.305182899937586,10.154164850796743,3.367654069354903,6.0802441112933705
2026-07-17T21:16:33.545+00:00,42.669494,1784322993501.226,1264,2,1,0.297430935484208,-0.17782580443366938,0.26636540918616747,0.5374500189848324,-0.49231254978465766,-0.4425141579408501,11.369355144390147,9.668667232228634,1.5159941469978233,5.786265816393793
2026-07-17T21:16:33.577+00:00,42.702404,1784322993534.566,1265,2,1,0.30166248643443727,-0.19026266323550192,0.2789764453382247,0.5505477232439573,-0.4836045028100268,-0.42294765091334585,13.644620125164627,10.978437658141127,2.386798844460908,7.742916519144217
2026-07-17T21:16:33.611+00:00,42.73563,1784322993567.906,1266,2,1,0.2988624422511821,-0.19901975240487016,0.2796799601558736,0.542716540546027,-0.4815454569632315,-0.45617589772362305,11.410690617104967,10.1953193883481,2.5927034291404416,4.420091838116496
2026-07-17T21:16:33.644+00:00,42.769119,1784322993601.247,1267,2,1,0.31501809075140125,-0.2334266336952998,0.3338168095750551,0.5342525729282765,-0.5186954408187396,-0.40189214758579045,13.625498140611302,9.348922626573053,-1.1222949564103746,9.848466851899756
2026-07-17T21:16:33.678+00:00,42.802878,1784322993634.587,1268,2,1,0.30882738234596724,-0.1984789489566511,0.27841571905811635,0.5362743425627947,-0.5142891964738366,-0.427773529290086,12.016678020235327,9.551099590024869,-0.6816705219200747,7.2603286814702015
2026-07-17T21:16:33.711+00:00,42.836736,1784322993667.928,1269,2,1,0.3155294572488924,-0.19038429557630712,0.271732818937731,0.5433397315629573,-0.5047783127939558,-0.4702536223640966,10.694194751338014,10.257638490041131,0.26941784606800967,3.012319374069139
2026-07-17T21:16:33.744+00:00,42.869277,1784322993701.267,1270,2,1,0.32643678593770464,-0.18972125173496948,0.27243097205291056,0.5530734613466005,-0.5096287455119606,-0.46897899654422537,11.663633381551975,11.23101146840545,-0.21562542573246857,3.1397819560562645
2026-07-17T21:16:33.777+00:00,42.902393,1784322993734.607,1271,2,1,0.329782133445619,-0.20317847713152526,0.2851063642735282,0.551642750686957,-0.5280906532526465,-0.4188693889820534,13.915031986004442,11.087940402441099,-2.0618161998010587,8.150742712273463
2026-07-17T21:16:33.812+00:00,42.935869,1784322993767.948,1272,2,1,0.32929497168477295,-0.20899061839656385,0.2804714657066387,0.5484024314436899,-0.5333653702168614,-0.4230140589979276,13.506150428841606,10.763908478114391,-2.5892878962225474,7.736275710686042
2026-07-17T21:16:33.843+00:00,42.968772,1784322993801.288,1273,2,1,0.3367146251184696,-0.2028833159471897,0.2769861908121858,0.5746856519419247,-0.5119707610010571,-0.4208005112616845,15.584545734328351,13.392230527937866,-0.4498269746421202,7.957630484310352
2026-07-17T21:16:33.877+00:00,43.002998,1784322993834.628,1274,2,1,0.34021323592362607,-0.19764606598685008,0.2681239411965781,0.5609709698553191,-0.5237988867019738,-0.4718039262687696,12.463079031900513,12.020762319277312,-1.6326395447337938,2.8572889836018414
2026-07-17T21:16:33.912+00:00,43.036473,1784322993867.969,1275,2,1,0.3462875764626594,-0.19390050785879648,0.26336496805240717,0.5712718480544738,-0.5310803172694234,-0.43977295610016937,14.58170985590192,13.050850139192782,-2.3607826014787503,6.060386000461865
2026-07-17T21:16:33.944+00:00,43.06933,1784322993901.309,1276,2,1,0.35006737051325937,-0.19643516266682493,0.26014259961964176,0.5733257314408742,-0.5355392753254657,-0.44241761722530776,14.737638535717744,13.256238477832817,-2.8066784070829853,5.795919887948026
2026-07-17T21:16:33.977+00:00,43.103024,1784322993934.649,1277,2,1,0.35084744929213424,-0.1943652755389601,0.25138869214733406,0.5753407286131461,-0.5352055653823204,-0.4512126314792279,14.593598659393615,13.45773819506001,-2.7733074127684554,4.916418462556011
2026-07-17T21:16:34.011+00:00,43.135752,1784322993967.99,1278,2,1,0.3532654595558472,-0.20504262914873506,0.25664784672489493,0.5717821117882833,-0.5449287728473604,-0.444863864394205,14.714135262885177,13.101876512573728,-3.7456281592724516,5.551295171058301
2026-07-17T21:16:34.045+00:00,43.169676,1784322994001.33,1279,2,1,0.3496927054804577,-0.19504406085802814,0.23910709115068213,0.5706994690899913,-0.5292695158459798,-0.5003352578143716,13.175169038614719,12.993612242744524,-2.1797024591343916,0.004155829041641024
2026-07-17T21:16:34.077+00:00,43.202637,1784322994034.671,1280,2,1,0.35600962544968917,-0.20437921974037332,0.2501010061767095,0.5746917079796237,-0.5465264544222834,-0.45117364594730835,14.792893549851415,13.392836131707764,-3.905396316764753,4.920317015747965
2026-07-17T21:16:34.111+00:00,43.236305,1784322994068.011,1281,2,1,0.3558256369111765,-0.19887710662866193,0.23813329266213892,0.5777400423331964,-0.5431542344389886,-0.4635376686461027,14.626320363989995,13.697669567065041,-3.5681743184352688,3.683914745868533
2026-07-17T21:16:34.145+00:00,43.269026,1784322994101.351,1282,2,1,0.3584428753470335,-0.202346590855818,0.24124387539752792,0.5883521769432264,-0.5391230809281077,-0.4552145549954633,15.755587097536155,14.758883028068038,-3.1650589673471785,4.51622611093247
2026-07-17T21:16:34.177+00:00,43.302703,1784322994134.691,1283,2,1,0.35454499413186924,-0.20723044777983146,0.23897217100496085,0.5723393406655239,-0.5495492874132659,-0.4621031686833781,14.334423971609388,13.157599400297793,-4.207679615863002,3.827364742140993
2026-07-17T21:16:34.211+00:00,43.33603,1784322994168.031,1284,2,1,0.35563443751684815,-0.21068887005434278,0.2400871368868982,0.5834080941765583,-0.526559870444803,-0.49394555892756803,14.40597553328655,14.264474751401224,-1.908737919016712,0.6431257177219984
2026-07-17T21:16:34.245+00:00,43.369256,1784322994201.371,1285,2,1,0.35385506709342385,-0.20665239656130296,0.2313952575971548,0.561924455056229,-0.5372089842917763,-0.497396137444817,12.479245830821553,12.1161108393683,-2.9736493037140432,0.29806786599710366
2026-07-17T21:16:34.276+00:00,43.402124,1784322994234.712,1286,2,1,0.35568885493710234,-0.19829977612104596,0.2218623965787793,0.5927479878319319,-0.5263952017185403,-0.47646528346833816,15.501342366295818,15.198464116938592,-1.8922710463904369,2.391153263644985
2026-07-17T21:16:34.310+00:00,43.435844,1784322994268.052,1287,2,1,0.3500705016230161,-0.20279478971504988,0.22228352837226933,0.5829787382343017,-0.5184306268337651,-0.5124920792201538,14.31505429107166,14.221539157175567,-1.095813557912917,-1.2115263115365815
2026-07-17T21:16:34.345+00:00,43.469807,1784322994301.392,1288,2,1,0.3513095347693139,-0.19525850061911398,0.21548156932351334,0.5908066260172088,-0.5222471011075868,-0.4834055380672658,15.172112263635267,15.004327935466277,-1.477460985295087,1.6971278037522186
2026-07-17T21:16:34.378+00:00,43.503392,1784322994334.733,1289,2,1,0.3490942136297632,-0.19048986691268985,0.2080721288758688,0.5916521035005203,-0.5177776815685105,-0.49127044618710497,15.151415729426805,15.088875683797431,-1.0305190313874557,0.9106369917683044
2026-07-17T21:16:34.412+00:00,43.536778,1784322994368.074,1290,2,1,0.35599025819577035,-0.2037663014178572,0.22600194327790993,0.5900655580538836,-0.5308513447164829,-0.4719867848709258,15.3765129301132,14.93022113913376,-2.3378853461846982,2.839003123386219
2026-07-17T21:16:34.449+00:00,43.573629,1784322994401.415,1291,2,1,0.35101206996124423,-0.1894145484866046,0.20828047930539226,0.5938371792751895,-0.5177740941461209,-0.490949006431447,15.370948197197922,15.307383261264352,-1.0301602891484962,0.9427809673341003
2026-07-17T21:16:34.478+00:00,43.603004,1784322994434.756,1292,2,1,0.3550091105653223,-0.2097304737460112,0.22935480188047136,0.5860655619694557,-0.5351835228196901,-0.4683801344514819,15.134207174582349,14.530221530690968,-2.7711031565054167,3.1996681653306105
2026-07-17T21:16:34.510+00:00,43.635447,1784322994468.097,1293,2,1,0.3516171930080533,-0.20459959243033388,0.22032052548969003,0.5861575670077888,-0.5299836242161525,-0.4779927192902105,14.881961633876248,14.539422034524275,-2.2511132961516633,2.2384096814577537
2026-07-17T21:16:34.544+00:00,43.668939,1784322994501.438,1294,2,1,0.34688836802316375,-0.19441313386779127,0.20801036404108816,0.5877872326736489,-0.5200849776652834,-0.49129786058796604,14.784290752194018,14.702388601110282,-1.2612486410647494,0.9078955516821974
2026-07-17T21:16:34.577+00:00,43.702775,1784322994534.779,1295,2,1,0.3445684639355771,-0.19852661456051465,0.20897347911155317,0.5944297499904553,-0.5145361734818815,-0.4837153233358032,15.472835699907797,15.366640332790926,-0.7063682227245627,1.666149276898482
2026-07-17T21:16:34.610+00:00,43.735779,1784322994568.119,1296,2,1,0.3498775016684371,-0.20642685018271728,0.2215673368894032,0.583676557615648,-0.5305787267396977,-0.47680512470458186,14.667552153881541,14.291321095310195,-2.3106235485061855,2.3571691400206154
2026-07-17T21:16:34.644+00:00,43.768924,1784322994601.46,1297,2,1,0.35169220390417527,-0.19943443321549134,0.21711328970244959,0.5638726023666982,-0.5312634866340651,-0.5122826198581052,12.595097643205017,12.310925570415222,-2.379099537942919,-1.190580375331718
2026-07-17T21:16:34.678+00:00,43.803058,1784322994634.801,1298,2,1,0.34326116532892254,-0.19380034923191902,0.20290696126362567,0.5707015077479003,-0.5366633321876926,-0.5000460382955438,13.31771013146839,12.993816108535427,-2.9190840933056683,0.0330777809244176
2026-07-17T21:16:34.710+00:00,43.836113,1784322994668.142,1299,2,1,0.3425633007829044,-0.19601126102965954,0.20448974125637828,0.5643466072437912,-0.5300093227487279,-0.5351090789062202,13.033442043064749,12.358326058124513,-2.2536831494092024,-3.4732262801432157
2026-07-17T21:16:34.744+00:00,43.869101,1784322994701.483,1300,2,1,0.33715461033456023,-0.18568556435840025,0.1905449631037863,0.5846230776740121,-0.5094945013765668,-0.5101070783627384,14.420259614595386,14.38597310114661,-0.20220101219309283,-0.9730262257950373
2026-07-17T21:16:34.777+00:00,43.903058,1784322994734.823,1301,2,1,0.34245959420831984,-0.19146335825660876,0.2010942039203065,0.5857846757266305,-0.5160452564634861,-0.4987690654948979,14.528338875750093,14.502132906408448,-0.8572765208850197,0.16077506098901018
2026-07-17T21:16:34.810+00:00,43.936272,1784322994768.165,1302,2,1,0.3338482631074624,-0.18634294808030746,0.18881511242483628,0.5815238750956684,-0.5086045677441203,-0.5120969100701092,14.125214534479062,14.076052843312237,-0.11320764894844348,-1.1720093965321143
2026-07-17T21:16:34.844+00:00,43.968947,1784322994801.506,1303,2,1,0.33732364151959693,-0.19346476590616687,0.19745877029245343,0.5805289476471842,-0.5156049548921083,-0.5027419079463672,14.002197628526392,13.97656009846382,-0.8132463637472442,-0.2365091841579181
2026-07-17T21:16:34.877+00:00,44.00266,1784322994834.846,1304,2,1,0.33492385621257315,-0.187209584687069,0.19032060993548314,0.581944021968319,-0.5097329591074407,-0.5104462460137091,14.155736015268978,14.118067530577294,-0.22604678528047595,-1.0069429908921124
2026-07-17T21:16:34.911+00:00,44.036036,1784322994868.188,1305,2,1,0.3390550951003026,-0.1841227954879539,0.19289230261110082,0.5723688935852389,-0.527458161702438,-0.5111871388681465,13.355264910258146,13.160554692269288,-1.9985670447802084,-1.081032276335847
2026-07-17T21:16:34.943+00:00,44.069621,1784322994901.529,1306,2,1,0.33838584945407246,-0.19481445770478006,0.19849913780806272,0.580719820809699,-0.5171907677333012,-0.5015249102950216,14.029817416377206,13.995647414715295,-0.97182764786653,-0.11480941902335395
2026-07-17T21:16:34.977+00:00,44.103001,1784322994934.869,1307,2,1,0.33702284297977203,-0.19339841894389131,0.19682445919295183,0.5545120825000766,-0.520563604104669,-0.5337571033989077,11.926607111884994,11.374873583753054,-1.309111285003306,-3.338028729411968
2026-07-17T21:16:35.011+00:00,44.135867,1784322994968.21,1308,2,1,0.33327563180154546,-0.18450869359351008,0.1877846548707552,0.5819979813523681,-0.5068406953929459,-0.5132877990203207,14.182494379277411,14.123463468982212,0.06317958616900432,-1.291098291553272
2026-07-17T21:16:35.045+00:00,44.169268,1784322995001.552,1309,2,1,0.3444179561657184,-0.18162816485099248,0.19638622158448027,0.5926333256890518,-0.5089868637469177,-0.5038687120029842,15.191766582764666,15.186997902650578,-0.15143724922818125,-0.34918958981962067
2026-07-17T21:16:35.078+00:00,44.202571,1784322995034.891,1310,2,1,0.3357592397449683,-0.18031736813292515,0.18476468921277855,0.5717517892941546,-0.5235081842340106,-0.5198715444162031,13.339850068242471,13.098844263160858,-1.6035692979374683,-1.9494728311415077
2026-07-17T21:16:35.111+00:00,44.23638,1784322995068.232,1311,2,1,0.33539301602867455,-0.18062561417538184,0.18406938892790062,0.5859588508656856,-0.5049035561111412,-0.5170192634594228,14.616875494621683,14.519550420313953,0.2568935143494655,-1.6642447354634826
2026-07-17T21:16:35.145+00:00,44.269822,1784322995101.573,1312,2,1,0.34119783394987746,-0.186468875045976,0.19435898673847862,0.5875331543028648,-0.5117835737853058,-0.5058881198840998,14.693650443885712,14.676980764031878,-0.43110825306699185,-0.5511303779311749
2026-07-17T21:16:35.177+00:00,44.302734,1784322995134.914,1313,2,1,0.34080326545182427,-0.186791400205037,0.19360526065218772,0.5870692288427664,-0.5119431742376831,-0.5066543513465915,14.650872197783826,14.630588218022034,-0.4470682983047203,-0.6277535241803522
2026-07-17T21:16:35.211+00:00,44.336169,1784322995168.255,1314,2,1,0.3327918707041963,-0.18073424679417394,0.18244194144046585,0.5837384333454021,-0.5038772229782869,-0.5188747228918282,14.421155959718057,14.297508668285609,0.35952682763490396,-1.849790678704022
2026-07-17T21:16:35.245+00:00,44.370006,1784322995201.596,1315,2,1,0.3305838083993667,-0.1833756264438704,0.1811428350251322,0.5805753759362586,-0.5052001067570064,-0.5202108177270341,14.123014862730194,13.98120292737126,0.22723844976294538,-1.9834001622246134
2026-07-17T21:16:35.279+00:00,44.40345,1784322995234.938,1316,2,1,0.3308110605112028,-0.1811210872801472,0.18089662301415765,0.5819111674698226,-0.5033891116987117,-0.5205729897788742,14.264384577791873,14.114782080727661,0.40833795559241937,-2.0196173674086215
2026-07-17T21:16:35.311+00:00,44.436498,1784322995268.279,1317,2,1,0.33873865564054007,-0.18724979132743652,0.1933261658160573,0.5850691879046523,-0.511348443105784,-0.507097929015234,14.45142628881294,14.430584124210633,-0.3875951851148085,-0.672111291044597
2026-07-17T21:16:35.345+00:00,44.469617,1784322995301.619,1318,2,1,0.32471146893248887,-0.18274777850377139,0.1753835884641531,0.5761052211683428,-0.5023380109625224,-0.5265253730410973,13.794032373626056,13.534187450579683,0.5134480292113497,-2.614855693630924
2026-07-17T21:16:35.378+00:00,44.503381,1784322995334.96,1319,2,1,0.3329141643040615,-0.19040478326602173,0.1878319795544253,0.5787363549576596,-0.5117515969304723,-0.5129114864457476,13.86072859699121,13.79730082951136,-0.42791056758364476,-1.2534670340959564
2026-07-17T21:16:35.412+00:00,44.536678,1784322995368.301,1320,2,1,0.3373473483496216,-0.18466772257568326,0.18810259001243307,0.5707804586587548,-0.5276319373752137,-0.5160452627625234,13.250038830278756,13.00171119962088,-2.015944612057785,-1.5668446657735369
2026-07-17T21:16:35.445+00:00,44.569798,1784322995401.641,1321,2,1,0.332085855835991,-0.19045380537878556,0.18737186893434496,0.5633266181210168,-0.5300090623213811,-0.5167420763657152,12.568800376112728,12.256327145847079,-2.2536571066745226,-1.6365260260927217
2026-07-17T21:16:35.478+00:00,44.602882,1784322995434.982,1322,2,1,0.32334908434492693,-0.18292140704976706,0.1748254264301877,0.5748689081459597,-0.5018717752467313,-0.5271976362786596,13.68759512674962,13.410556148341367,0.5600716007904571,-2.682082017387155
2026-07-17T21:16:35.511+00:00,44.636516,1784322995468.322,1323,2,1,0.3390675831287493,-0.18207463468825552,0.1899854470243212,0.588110293903275,-0.5073748922077707,-0.5107053393251455,14.770853319510547,14.734694724072895,0.009759904686523768,-1.0328523220357488
2026-07-17T21:16:35.544+00:00,44.669386,1784322995501.663,1324,2,1,0.33054994116415565,-0.18967514899555982,0.18756651664520035,0.5770702910351314,-0.5099812414447534,-0.5134429563322964,13.695474045155363,13.630694437258539,-0.2508750190117537,-1.3066140227508405
2026-07-17T21:16:35.578+00:00,44.702802,1784322995535.004,1325,2,1,0.3312822210822478,-0.1845362707602792,0.18325532394642757,0.5657987490734071,-0.5250342522394738,-0.5214056394476709,12.80018699711872,12.503540241086109,-1.756176098483786,-2.102882334288292
2026-07-17T21:16:35.610+00:00,44.736336,1784322995568.345,1326,2,1,0.3256330803846554,-0.18526656839708977,0.17845396932725352,0.5754867501907652,-0.504660761665015,-0.5232324667770344,13.66772916367759,13.47234035282192,0.2811729589620948,-2.2855650672246375
2026-07-17T21:16:35.643+00:00,44.769252,1784322995601.686,1327,2,1,0.3391556867022624,-0.19401542303467284,0.1965597564866814,0.5858128684837776,-0.5132845171272403,-0.5009720070787766,14.516713704419216,14.504952182123155,-0.5812025872604432,-0.05951909739886352
2026-07-17T21:16:35.677+00:00,44.803254,1784322995635.026,1328,2,1,0.3341572540258932,-0.18613008607981968,0.18598489112631433,0.5673625471491246,-0.5275235472253321,-0.5183049065115533,12.942495445243186,12.659920048657858,-2.005105597069623,-1.792809040676524
2026-07-17T21:16:35.711+00:00,44.83626,1784322995668.367,1329,2,1,0.3341572540258932,-0.18613008607981968,0.18598489112631433,0.5820417268027714,-0.5088571925361901,-0.5148931483541997,14.202894773482091,14.127838014022542,-0.13847012815542126,-1.4516332249411734
2026-07-17T21:16:35.745+00:00,44.869273,1784322995701.708,1330,2,1,0.33380833496204904,-0.1945748636612547,0.19060788767738074,0.5625913002361971,-0.5340167553814885,-0.5130246072055578,12.532603420562106,12.182795357365105,-2.6544264126852624,-1.2647791100769745
2026-07-17T21:16:35.778+00:00,44.902559,1784322995735.049,1331,2,1,0.3248447658017575,-0.18938185237057278,0.1814489773292491,0.552618287208974,-0.5177302963682611,-0.5596130451913282,12.698693289778722,11.185494054642797,-1.0257805113625174,-5.923622908654014
2026-07-17T21:16:35.811+00:00,44.936553,1784322995768.39,1332,2,1,0.3260911732232518,-0.1932576756405348,0.18320079470180264,0.5716471399635923,-0.5113144234512634,-0.5179802126610302,13.211815682256095,13.088379330104626,-0.384193219662754,-1.7603396556242212
2026-07-17T21:16:35.845+00:00,44.969807,1784322995801.731,1333,2,1,0.3308280436405835,-0.20035956926669923,0.1937509830246038,0.5569701149095485,-0.537083364857383,-0.5096746541446888,12.027995100658561,11.620676824700249,-2.9610873602747056,-0.9297838039900808
2026-07-17T21:16:35.879+00:00,45.003078,1784322995835.072,1334,2,1,0.33219890488069687,-0.1861084424143592,0.18564914253690992,0.5657031792608431,-0.5265562325987059,-0.5188139522486809,12.772657884154853,12.493983259829712,-1.9083741344069982,-1.8437136143892863
2026-07-17T21:16:35.911+00:00,45.035989,1784322995868.412,1335,2,1,0.32461759752701236,-0.19220945887137578,0.18297330764286734,0.5561600439311364,-0.5282628599135138,-0.5216201430239575,11.916340087487205,11.539669726859037,-2.0790368658877956,-2.1243326919169525
2026-07-17T21:16:35.945+00:00,45.069655,1784322995901.752,1336,2,1,0.32885149631334076,-0.19524577926601785,0.18748935673035497,0.572821636547957,-0.5139637230858465,-0.5133363486363638,13.285133609257658,13.205828988541102,-0.6491231831210587,-1.295953253157578
2026-07-17T21:16:35.978+00:00,45.10322,1784322995935.093,1337,2,1,0.31624277587288663,-0.19327495234086522,0.17469396835032672,0.5596371777587648,-0.4974337432669621,-0.5626319933723335,13.456400438923433,11.887383109621874,1.003874798767379,-6.225517726754548
2026-07-17T21:16:36.012+00:00,45.136414,1784322995968.434,1338,2,1,0.334745048670659,-0.1942496159525088,0.19293264912221228,0.5454168881958809,-0.510050670590832,-0.5760191650727362,12.915407744840223,10.465354153333484,-0.2578179336196085,-7.564234896794819
2026-07-17T21:16:36.044+00:00,45.170056,1784322996001.775,1339,2,1,0.3250428818904106,-0.1932480996450722,0.18336786867986976,0.5559808996337101,-0.5293185841415348,-0.5211018057461883,11.908762103057633,11.52175529711641,-2.184609288689887,-2.0724989641400238
2026-07-17T21:16:36.079+00:00,45.20344,1784322996035.116,1340,2,1,0.32846638475709355,-0.19507795689203128,0.18788924763256923,0.5578362563232748,-0.5320733120586428,-0.5161540039399775,12.066559665723648,11.70729096607288,-2.460082080400694,-1.5777187835189443
2026-07-17T21:16:36.112+00:00,45.236211,1784322996068.457,1341,2,1,0.32547653079059424,-0.1954632922232887,0.1851342514182082,0.5551621352856955,-0.5312211031189622,-0.5191205727996459,11.833177011674623,11.439878862314945,-2.3748611864326308,-1.8743756694857838
2026-07-17T21:16:36.145+00:00,45.269722,1784322996101.798,1342,2,1,0.3275006615953693,-0.18494653068339345,0.1816021226594713,0.5623960988517154,-0.5236724638431075,-0.5233470522540706,12.483828445526207,12.163275218916937,-1.6199972588471612,-2.297023614928262
2026-07-17T21:16:36.178+00:00,45.303085,1784322996135.138,1343,2,1,0.32778945468083104,-0.19517722025187864,0.18762754983682045,0.5572128227900615,-0.5318475423796865,-0.5164653429204886,12.005608815391719,11.644947612751544,-2.437505112505056,-1.608852681570061
2026-07-17T21:16:36.212+00:00,45.33644,1784322996168.479,1344,2,1,0.32628907839819593,-0.18747574253393606,0.18077042426137327,0.5600890485237009,-0.5253220292672311,-0.524063307340992,12.295641097154338,11.932570186115488,-1.7849538012595256,-2.3686491236204033
2026-07-17T21:16:36.244+00:00,45.369676,1784322996201.82,1345,2,1,0.3290000370646282,-0.1890463940540832,0.18278573052833638,0.5615471800470921,-0.5277937020752518,-0.5216879361217739,12.432155827795954,12.078383338454612,-2.0321210820615887,-2.1311120016985874
2026-07-17T21:16:36.277+00:00,45.402668,1784322996235.161,1346,2,1,0.33088170738344325,-0.19461879541550606,0.1896816987109909,0.5600863345911498,-0.5326868997793738,-0.5141999948773522,12.27388370355543,11.932298792860374,-2.5214408524737886,-1.3823178772564226
2026-07-17T21:16:36.311+00:00,45.435826,1784322996268.502,1347,2,1,0.31338754086533627,-0.18868422523858985,0.1681566324629483,0.5596590541973604,-0.5084708641217551,-0.538673849060811,12.491536635586762,11.889570753481438,-0.09983728671192349,-3.8297032956022936
2026-07-17T21:16:36.345+00:00,45.47001,1784322996301.843,1348,2,1,0.33192798445060173,-0.19842831058077545,0.19144452223407338,0.5589779981670959,-0.5362621925051965,-0.512031234732706,12.222674094482546,11.82146515045499,-2.8789701250560573,-1.165441862791794
2026-07-17T21:16:36.378+00:00,45.503185,1784322996335.184,1349,2,1,0.32377198797618745,-0.19148197701149455,0.1784165533322639,0.5559552023724728,-0.5277563822319273,-0.5262795223291875,11.979795509449554,11.519185570992674,-2.028389097729144,-2.5902706224399497
2026-07-17T21:16:36.412+00:00,45.537179,1784322996368.524,1350,2,1,0.320999992871575,-0.19720271859116179,0.1812764540829804,0.5505548432707013,-0.530907186884093,-0.5231975708368563,11.456065875004853,10.979149660815523,-2.3434695629457103,-2.282075473206824
2026-07-17T21:16:36.445+00:00,45.569873,1784322996401.865,1351,2,1,0.31294468104947076,-0.18864968295326626,0.16932102318610537,0.5484054429689358,-0.5209509262033275,-0.5365102620262368,11.434209644771459,10.764209630638977,-1.3478434948691609,-3.6133445921448737
2026-07-17T21:16:36.478+00:00,45.602948,1784322996435.206,1352,2,1,0.31294468104947076,-0.18864968295326626,0.16932102318610537,0.5364666475038657,-0.5068806687927723,-0.5628412386736781,11.428594022282608,9.570330084131973,0.05918224618636225,-6.246442256889006
2026-07-17T21:16:36.512+00:00,45.637326,1784322996468.546,1353,2,1,0.3213727740781921,-0.1824177884164928,0.17403849285201525,0.5586758222623338,-0.5193169240497144,-0.5316140259413695,12.2553685251331,11.791247559978778,-1.1844432795078519,-3.1237209836581514
2026-07-17T21:16:36.545+00:00,45.669592,1784322996501.887,1354,2,1,0.3167260052217626,-0.1864795077077604,0.17380165817492854,0.5526158447164851,-0.5204714269296489,-0.5319138764281819,11.693818804578319,11.185249805393905,-1.299893567501298,-3.1537060323393873
2026-07-17T21:16:36.577+00:00,45.702473,1784322996535.228,1355,2,1,0.3254467006225467,-0.18810689467753808,0.1824387849501173,0.5589883297176237,-0.5252377047118466,-0.5224284715044828,12.156901304781805,11.822498305507768,-1.7765213457210716,-2.205165539969478
2026-07-17T21:16:36.611+00:00,45.736087,1784322996568.569,1356,2,1,0.31614057012790814,-0.18635909379540122,0.1748311785388893,0.5521411384368156,-0.5199503433387006,-0.5309545684596427,11.617103009020434,11.137779177426953,-1.2477852084064711,-3.0577752354854715
2026-07-17T21:16:36.645+00:00,45.770134,1784322996601.91,1357,2,1,0.31665636989780666,-0.18094578536186107,0.17203932256207058,0.5499097999929157,-0.5073201811383281,-0.5701511785551058,12.954317090575792,10.914645333036965,0.015231011630778557,-6.977436245031776
2026-07-17T21:16:36.679+00:00,45.803894,1784322996635.251,1358,2,1,0.31049315266963107,-0.1836871470417762,0.1715704308984256,0.5487659586374769,-0.5152027663331683,-0.5349211504234659,11.365576263312764,10.80026119749309,-0.7730275078532411,-3.454433431867787
2026-07-17T21:16:36.712+00:00,45.83691,1784322996668.592,1359,2,1,0.3014802881071571,-0.18392479995803068,0.16762378938353337,0.5410350608865337,-0.511325110069646,-0.5396180842790359,10.774570280560647,10.027171422398773,-0.38526188150100893,-3.924126817424789
2026-07-17T21:16:36.745+00:00,45.869873,1784322996701.933,1360,2,1,0.31508109606077955,-0.18224902625402972,0.1805185579796761,0.5531483045054062,-0.5152245930675533,-0.5257570376726182,11.5475666175569,11.238495784286018,-0.7752101812917411,-2.5380221567830152
2026-07-17T21:16:36.778+00:00,45.90317,1784322996735.274,1361,2,1,0.3068995270226486,-0.17823331755866925,0.1719395467569424,0.5428731396509068,-0.5000916081403961,-0.5710436825214447,12.439732018344106,10.210979298836076,0.7380883114239789,-7.066686641665665
2026-07-17T21:16:36.811+00:00,45.93681,1784322996768.615,1362,2,1,0.29744961834641603,-0.18276458616830552,0.16946118497601997,0.556898310710683,-0.48564234606584405,-0.5325974521130122,12.248287430575864,11.613496404813695,2.183014518879184,-3.2220636008224224
2026-07-17T21:16:36.844+00:00,45.970051,1784322996801.955,1363,2,1,0.292149091396679,-0.18544568467348715,0.16618578100416453,0.5511639416904941,-0.48566902773447523,-0.5362207719094253,11.810364758010127,11.040059502794808,2.180346352016066,-3.5843955804637284
2026-07-17T21:16:36.878+00:00,46.003477,1784322996835.295,1364,2,1,0.30147470793222475,-0.18517413461501353,0.17967850577748237,0.5553104773742233,-0.4785526166184756,-0.5563320338491886,13.072257148661285,11.454713071167733,2.8919874636160303,-5.59552177444006
2026-07-17T21:16:36.911+00:00,46.036376,1784322996868.636,1365,2,1,0.30132678624356946,-0.18500185486679546,0.1807716603358305,0.5552287709187211,-0.4782458383552609,-0.5552616324392463,13.02646293278184,11.446542425617512,2.9226652899374983,-5.488481633445829
2026-07-17T21:16:36.945+00:00,46.070236,1784322996901.977,1366,2,1,0.29392912671843674,-0.17655989755028811,0.17040628542800745,0.5382287455453351,-0.5008848196476662,-0.5381589612060721,10.473963855693286,9.746539888278905,0.6587671606969714,-3.778214510128408
2026-07-17T21:16:36.979+00:00,46.103656,1784322996935.318,1367,2,1,0.28866658300911974,-0.1782483993052415,0.16811470220900354,0.5329214383011487,-0.499944073437254,-0.5407559295351002,10.089729298013985,9.215809163860268,0.7528417817381894,-4.03791134303122
2026-07-17T21:16:37.011+00:00,46.136306,1784322996968.659,1368,2,1,0.292519235962836,-0.17220559646362354,0.17059677197914425,0.5392397397960278,-0.49642766954167816,-0.5384683454008489,10.616285930288306,9.847639313348179,1.104482171295773,-3.8091529296060855
2026-07-17T21:16:37.045+00:00,46.169957,1784322997002.0,1369,2,1,0.288937614877265,-0.1762027935026393,0.1719627468938275,0.5526651712234513,-0.4755336202160966,-0.5313077506549441,12.041109805753829,11.190182456090525,3.193887103853932,-3.0930934550156053
2026-07-17T21:16:37.079+00:00,46.203582,1784322997035.341,1370,2,1,0.2886217668415668,-0.17652269239064639,0.17222390955463113,0.5486698381983265,-0.4653212061838964,-0.565075502344842,13.268934301542519,10.790649153578046,4.215128507073951,-6.469868624005404
2026-07-17T21:16:37.111+00:00,46.236663,1784322997068.682,1371,2,1,0.2816488711343055,-0.17690851275315517,0.167355348620782,0.5425895197685157,-0.46261734157451845,-0.570385103217726,13.145993399785421,10.182617310596964,4.485514968011745,-7.000828711293794
2026-07-17T21:16:37.145+00:00,46.270233,1784322997102.023,1372,2,1,0.2892449634245146,-0.18026924787658485,0.1761536109855624,0.550663915884687,-0.47879695882987283,-0.5268874051592645,11.663289676248963,10.990056922214098,2.867553242476306,-2.651058905447645
2026-07-17T21:16:37.179+00:00,46.303846,1784322997135.364,1373,2,1,0.28233348202314335,-0.1758891294735216,0.1687696375727215,0.5436381405951871,-0.46195799956074557,-0.5689802153039637,13.176197692247198,10.28747939326411,4.551449169389032,-6.8603399199175685
2026-07-17T21:16:37.213+00:00,46.33709,1784322997168.705,1374,2,1,0.278773526944666,-0.17667655986346337,0.1658344456380733,0.5439878188962168,-0.4715326080009071,-0.5383635760631067,11.571499819963899,10.322447223367082,3.5939883253728766,-3.7986759958318683
2026-07-17T21:16:37.247+00:00,46.371161,1784322997202.046,1375,2,1,0.2904793685653233,-0.17884590805655692,0.17946690441114502,0.5522520632846676,-0.47785281359273885,-0.5235536470357538,11.766148363353652,11.148871662212157,2.961967766189705,-2.3176830930965786
2026-07-17T21:16:37.279+00:00,46.403663,1784322997235.386,1376,2,1,0.28250111647047,-0.17595736558627967,0.17172173593961548,0.5436470854301004,-0.4618706019031581,-0.5660238790777863,13.028481451111485,10.288373876755442,4.56018893514778,-6.564706297299827
2026-07-17T21:16:37.313+00:00,46.437734,1784322997268.727,1377,2,1,0.28525765891129423,-0.179866899664302,0.1770504629803914,0.5473646001672927,-0.4763991422356999,-0.5264080136247458,11.40482508079757,10.660125350474669,3.107334901893599,-2.603119751995775
2026-07-17T21:16:37.344+00:00,46.470142,1784322997302.068,1378,2,1,0.27531009784552246,-0.1848336250000958,0.17153804209998497,0.5330239319469607,-0.4660691924150655,-0.566253925289229,12.068985983221745,9.226058528441472,4.140329883957039,-6.587710918444101
2026-07-17T21:16:37.379+00:00,46.503726,1784322997335.409,1379,2,1,0.27688363317127396,-0.18063417340853646,0.17256695618210416,0.539995209210362,-0.4733741166720677,-0.5316383239947603,10.948490110255651,9.923186254781601,3.4098374582568205,-3.1261507889972284
2026-07-17T21:16:37.412+00:00,46.536782,1784322997368.75,1380,2,1,0.2665707992580383,-0.18455286286982125,0.16625003026395418,0.525752069286942,-0.4619536309570575,-0.5721360510692667,12.01850132870327,8.498872262439594,4.55188602975784,-7.175923496447867
2026-07-17T21:16:37.444+00:00,46.57018,1784322997402.091,1381,2,1,0.2755585094583803,-0.1840645118370513,0.17559590795906027,0.5369655524807069,-0.4753959578852407,-0.5285673206302366,10.52543250544938,9.620220581816085,3.20765333693952,-2.819050452544858
2026-07-17T21:16:37.478+00:00,46.604237,1784322997435.432,1382,2,1,0.2750733071558754,-0.18915174588886008,0.1775897763409255,0.5338952902733699,-0.4793647211201906,-0.5263507261568274,10.068887558241938,9.313194361082388,2.810777013444532,-2.5973910052039417
2026-07-17T21:16:37.511+00:00,46.63646,1784322997468.773,1383,2,1,0.268822479090024,-0.19009750550472793,0.17144355701308178,0.5283682777876497,-0.4777002620307532,-0.5330159368592796,9.811382060657847,8.760493112510371,2.9772229223882674,-3.26391207544916
2026-07-17T21:16:37.544+00:00,46.67018,1784322997502.114,1384,2,1,0.2723203809862339,-0.19437862123409355,0.17627742150509745,0.5255501105803687,-0.4725252472383218,-0.5612570835416117,11.007502969870862,8.478676391782269,3.4947244016314105,-6.088026743682374
2026-07-17T21:16:37.578+00:00,46.702898,1784322997535.455,1385,2,1,0.26867482273106763,-0.19059388978273487,0.17197039044513934,0.5243998719001018,-0.4677866475624064,-0.5659886189997893,11.346780698730752,8.363652523755583,3.9685843692229494,-6.561180289500124
2026-07-17T21:16:37.612+00:00,46.737139,1784322997568.796,1386,2,1,0.27080342268144875,-0.18602486200346197,0.17339210695384732,0.5284547692300057,-0.4647519613382149,-0.5646556832952991,11.681867160492779,8.769142256745965,4.2720529916421,-6.427886719051113
2026-07-17T21:16:37.645+00:00,46.770097,1784322997602.137,1387,2,1,0.27703660705400923,-0.18902646114074942,0.18123890906431278,0.535447428102638,-0.47986976716701646,-0.5225399245297995,10.108505839277155,9.4684081440092,2.7602724087619435,-2.2163108425011457
2026-07-17T21:16:37.679+00:00,46.803677,1784322997635.479,1388,2,1,0.27718758611758965,-0.19045958394472556,0.18025816954796758,0.5315749474342507,-0.4711983447326772,-0.5571539670831638,11.307610452185415,9.08116007717047,3.6274146521958706,-5.677715097837577
2026-07-17T21:16:37.713+00:00,46.837159,1784322997668.82,1389,2,1,0.2810028721057799,-0.18958262828848021,0.18350303443591676,0.5384712898150961,-0.4820843921821602,-0.5198718652272948,10.28175795761831,9.770794315255005,2.538809907247569,-1.949504912250677
2026-07-17T21:16:37.745+00:00,46.869926,1784322997702.16,1390,2,1,0.2718574448832546,-0.19098527307932012,0.1739344570996268,0.5269040768855326,-0.46953351965589873,-0.5637938028909484,11.34958377314128,8.614073022298662,3.793897159873716,-6.341698678616037
2026-07-17T21:16:37.780+00:00,46.903925,1784322997735.501,1391,2,1,0.2875045389081544,-0.1940291615321241,0.1908649027266798,0.5414569965436007,-0.48841916655019424,-0.5116745106013234,10.310130071729626,10.069364988105466,1.9053324704441654,-1.1297694496535393
2026-07-17T21:16:37.812+00:00,46.937121,1784322997768.842,1392,2,1,0.28279664347147376,-0.19372517616926618,0.18639804986053873,0.5377917529227016,-0.4862707335485414,-0.5165897609416592,10.063242882638367,9.702840626015563,2.1201757706094506,-1.621294483687119
2026-07-17T21:16:37.844+00:00,46.970032,1784322997802.183,1393,2,1,0.2841525277510594,-0.18915393261346894,0.1845051355224311,0.5381239566929656,-0.473147780443655,-0.5525104731957192,11.56511667015414,9.736061003041963,3.4324710810980874,-5.213365709093121
2026-07-17T21:16:37.879+00:00,47.003988,1784322997835.524,1394,2,1,0.2911395696817412,-0.19720947251004867,0.19631231477600192,0.5427040271451045,-0.4924326205240714,-0.5057298300754404,10.31831129953403,10.194068048255843,1.5039870730564509,-0.5353013970652354
2026-07-17T21:16:37.911+00:00,47.036807,1784322997868.865,1395,2,1,0.28592299971410917,-0.19659702902218562,0.19115511732036636,0.5357575568445114,-0.47996277915697955,-0.545389205237772,10.865909719508318,9.499421018196541,2.750971209765635,-4.501238913298399
2026-07-17T21:16:37.946+00:00,47.070654,1784322997902.207,1396,2,1,0.2764283856720543,-0.1982335939925373,0.18191588546187037,0.5270210993187431,-0.47744822026845896,-0.5551637000861733,10.650567777324753,8.625775265619707,3.0024270986176935,-5.478688398138532
2026-07-17T21:16:37.978+00:00,47.103527,1784322997935.548,1397,2,1,0.2898689430067922,-0.19382581516211128,0.1958072725004606,0.5403919077390518,-0.47912917164989377,-0.5406225992274728,11.112568113424446,9.962856107650575,2.8343319604742123,-4.024578312268479
2026-07-17T21:16:38.011+00:00,47.136806,1784322997968.889,1398,2,1,0.2848580574781086,-0.19246021582970965,0.1874625875103913,0.5370023295459948,-0.47613513974558996,-0.5493492329158361,11.24378452050611,9.62389828834488,3.133735150904593,-4.897241681104814
2026-07-17T21:16:38.045+00:00,47.170174,1784322998002.23,1399,2,1,0.29251570005143746,-0.20050735370479988,0.20091394952677355,0.5392167400318554,-0.4858318091037266,-0.5350172390763026,10.658962751381623,9.845339336930936,2.1640682150909307,-3.4640422971514595
2026-07-17T21:16:38.078+00:00,47.203358,1784322998035.572,1400,2,1,0.2823083926006047,-0.18847758120730224,0.18765701317626896,0.5399142122682223,-0.48136923473273185,-0.515678110727313,10.366486274784009,9.915086560567632,2.610325652190404,-1.5301294622524941
2026-07-17T21:16:38.113+00:00,47.236871,1784322998068.913,1401,2,1,0.2843035342541268,-0.1882843242548759,0.1898472093953038,0.5384977980074659,-0.4720526782773174,-0.5472210716377557,11.402179794880759,9.773445134491986,3.5419812977318497,-4.684425553296768
2026-07-17T21:16:38.145+00:00,47.27035,1784322998102.254,1402,2,1,0.29130501862039104,-0.19505678858921763,0.2029456378574069,0.5435416494105179,-0.49001003557324063,-0.49924200550836884,10.425739623292055,10.277830274797184,1.7462455681395261,0.11348105964191779
2026-07-17T21:16:38.180+00:00,47.304339,1784322998135.594,1403,2,1,0.28252506170872205,-0.1915100075691692,0.1937395116024008,0.5352245413919743,-0.4736806378986439,-0.5433027106907892,10.912121282753558,9.446119472942826,3.3791853355991996,-4.292589458600116
2026-07-17T21:16:38.213+00:00,47.336768,1784322998168.935,1404,2,1,0.2865354798595814,-0.18715176311579193,0.19662572376272164,0.5407597195215789,-0.47163742886724963,-0.5403709758763672,11.350312373280829,9.999637285903285,3.583506238738626,-3.9994159771579163
2026-07-17T21:16:38.246+00:00,47.37019,1784322998202.277,1405,2,1,0.2793015426284435,-0.19498687519813981,0.19795966135144147,0.5305600469596086,-0.4747933382554438,-0.5391441367427827,10.31226433642688,8.979670029706256,3.2679152999192107,-3.8767320637994707
2026-07-17T21:16:38.279+00:00,47.403702,1784322998235.618,1406,2,1,0.280410100436186,-0.18770494349095113,0.19676170230708007,0.5351586362913905,-0.4691062701918942,-0.5406276355366515,10.95562234091933,9.439528962884447,3.836622106274168,-4.025081943186349
2026-07-17T21:16:38.313+00:00,47.437048,1784322998268.959,1407,2,1,0.27143172503342505,-0.17815117099968655,0.18284052202854767,0.5325562904828092,-0.4574907206691731,-0.5555939931300313,11.820769249369889,9.179294382026315,4.998177058546277,-5.521717702524331
2026-07-17T21:16:38.347+00:00,47.471526,1784322998302.3,1408,2,1,0.2844869767346333,-0.1833731757769222,0.20181103446896612,0.5406629831390897,-0.4669509774264698,-0.535534722221295,11.339316034739019,9.989963647654365,4.05215138281661,-3.515790611650693
2026-07-17T21:16:38.378+00:00,47.503505,1784322998335.642,1409,2,1,0.286355378276936,-0.17329061332515427,0.20051199813663878,0.5502531275874095,-0.468980516668977,-0.5033533705836577,11.609695995607849,10.94897809248635,3.8491974585658895,-0.2976554478869686
2026-07-17T21:16:38.413+00:00,47.537237,1784322998368.983,1410,2,1,0.27801600020713885,-0.17091328342960949,0.1913918821477703,0.5415515235272511,-0.4537690357463748,-0.5469858400330838,12.33479583973213,10.07881768647051,5.370345550826111,-4.6609023928295805
2026-07-17T21:16:38.445+00:00,47.570488,1784322998402.324,1411,2,1,0.2798552279853288,-0.17477015088045295,0.1987036432372365,0.5409914381174565,-0.4574524572693579,-0.5393806611528317,11.861270608629614,10.022809145491053,5.002003398527799,-3.900384504804366
2026-07-17T21:16:38.478+00:00,47.603159,1784322998435.665,1412,2,1,0.2844256069765686,-0.16564640033594424,0.19581403149685245,0.5495665092398014,-0.45199322738411174,-0.5424048979886158,12.916050701844453,10.880316257725543,5.547926387052415,-4.202808188382779
2026-07-17T21:16:38.512+00:00,47.636766,1784322998469.006,1413,2,1,0.28794006500009045,-0.17312776051080067,0.20455946355047985,0.5486237076858866,-0.4595334785355479,-0.5330742771693542,12.247910181184004,10.786036102334062,4.793901271908801,-3.269746106456617
2026-07-17T21:16:38.545+00:00,47.670708,1784322998502.347,1414,2,1,0.28433187076274935,-0.17089289590987594,0.20114545853485552,0.5467099621974456,-0.4560897511930999,-0.5368355849049568,12.326440338538681,10.59466155348996,5.138274006153598,-3.645876880016874
2026-07-17T21:16:38.578+00:00,47.703787,1784322998535.688,1415,0;2,2,0.3185479165958777,-0.24360711540227467,0.23917235803090298,0.5392366484627309,-0.5330448561842025,-0.49294706713826875,10.20104807616684,9.847330180018488,-2.5572364929566604,0.7429748966519267
2026-07-17T21:16:38.613+00:00,47.737443,1784322998569.029,1416,2,1,0.27113353336794327,-0.17159913393311527,0.19404863057742067,0.5351390038535146,-0.45078681345330857,-0.5447760901483871,11.870689227514019,9.437565719096863,5.668567780132733,-4.439927404359912
2026-07-17T21:16:38.646+00:00,47.770211,1784322998602.37,1417,0;2,2,0.31527510775314704,-0.24378689120418467,0.23899344394199779,0.5363098938337449,-0.5316114035714277,-0.4933406764113498,9.879947887494891,9.554654717119892,-2.413891231679177,0.7036139693438193
2026-07-17T21:16:38.680+00:00,47.804427,1784322998635.711,1418,2,1,0.2797311643202875,-0.17178770911953417,0.20368390534566583,0.5450919175632093,-0.46411235852702937,-0.5009320332819811,11.298168029571976,10.432857090066328,4.336013272760653,-0.05552171771930903
2026-07-17T21:16:38.712+00:00,47.837441,1784322998669.052,1419,2,1,0.2830678544327695,-0.17964626462927843,0.21066079590370151,0.5436607725087128,-0.47187772298477937,-0.4932366881866278,10.911392761989585,10.289742584616679,3.5594768269856525,0.7140127918160211
2026-07-17T21:16:38.746+00:00,47.870545,1784322998702.393,1420,2,1,0.29111539399550124,-0.18298696646710128,0.21775797601728517,0.5460573312395584,-0.46862720656892065,-0.5192104678066629,11.380020108438258,10.529398457701234,3.8845284685715242,-1.8833651701874898
2026-07-17T21:16:38.779+00:00,47.9039,1784322998735.735,1421,2,1,0.295186656713023,-0.19978766571321283,0.22979071660516573,0.5408849219662091,-0.4842776182769153,-0.506098018874147,10.293232793864028,10.012157530366306,2.3194872977720604,-0.5721202769358946
2026-07-17T21:16:38.812+00:00,47.936972,1784322998769.076,1422,2,1,0.28668227769242993,-0.20907776907237216,0.22047474756481353,0.5292349965530205,-0.4888998270023475,-0.5154965393149531,9.16557838967238,8.847164989047451,1.8572664252288373,-1.5119723210165081
2026-07-17T21:16:38.845+00:00,47.970095,1784322998802.417,1423,2,1,0.2902917859217857,-0.22368467345399873,0.23146654391860327,0.5267610910720251,-0.5115150339780565,-0.4694095999677226,9.14927465456606,8.599774440947904,-0.4042542723420639,3.0967216137065434
2026-07-17T21:16:38.879+00:00,48.003982,1784322998835.758,1424,2,1,0.30329473532451484,-0.22139701283199092,0.24027959537960242,0.538644972875127,-0.5150847750658544,-0.45950958672522485,10.6343265193447,9.7881626212581,-0.7612283811218479,4.086722937956316
2026-07-17T21:16:38.913+00:00,48.037536,1784322998869.1,1425,2,1,0.30171815496716375,-0.21298408469914965,0.22944213833472948,0.5400614729916358,-0.49896320425356444,-0.5053345094664908,9.978529240926811,9.929812632908973,0.8509287001071453,-0.49576933617028196
2026-07-17T21:16:38.945+00:00,48.069822,1784322998902.441,1426,2,1,0.3187417595707402,-0.20428670607739147,0.23654414375561197,0.5607507620459448,-0.508250137330648,-0.4626637215192667,12.577703322556262,11.998741538339875,-0.07776460760121617,3.77130945855213
2026-07-17T21:16:38.979+00:00,48.104697,1784322998935.782,1427,2,1,0.32802720959793163,-0.20427729751651585,0.24262105593333044,0.5684395464680359,-0.5122252418623381,-0.4557189630341259,13.53444659969192,12.767619980548982,-0.4752750607702194,4.465785307066211
2026-07-17T21:16:39.013+00:00,48.137618,1784322998969.123,1428,2,1,0.32264996706166393,-0.2244975878948751,0.25237262222539664,0.5517705507498394,-0.5174384795262646,-0.4804734896461399,11.321688339478246,11.100720408729337,-0.9965988271628756,1.9903326458648118
2026-07-17T21:16:39.045+00:00,48.17054,1784322999002.464,1429,2,1,0.32345531634259606,-0.22604697302263724,0.2549506196109944,0.5516158833366869,-0.5189786075955201,-0.4777717613511077,11.371747491374661,11.085253667414086,-1.1506116340884165,2.2605054753680296
2026-07-17T21:16:39.078+00:00,48.203901,1784322999035.805,1430,2,1,0.32843676045085635,-0.22911847609126407,0.2606751901732576,0.5542295549679136,-0.5236425259665666,-0.47157206695065756,11.81768337010875,11.346620830536757,-1.617003471193068,2.880474915413045
2026-07-17T21:16:39.112+00:00,48.236893,1784322999069.146,1431,2,1,0.32388340574786645,-0.2152436754108245,0.24458644948096095,0.5576807857422132,-0.5106108528210802,-0.48861187948509777,11.754977927641873,11.691743907966723,-0.31383615664443143,1.1764936619690247
2026-07-17T21:16:39.145+00:00,48.270234,1784322999102.487,1432,2,1,0.31359595248706534,-0.23378430385847995,0.2528485728988639,0.5406599743242311,-0.5296551546013448,-0.4453256853142402,11.619825202062536,9.989662766168506,-2.218266334670893,5.50511307905478
2026-07-17T21:16:39.179+00:00,48.303729,1784322999135.828,1433,2,1,0.3149662481409479,-0.21417326257211383,0.2393046263832122,0.5523976995798348,-0.51467639612672,-0.4597399746868128,11.901881312253737,11.163435291728874,-0.720390487208411,4.063684141797519
2026-07-17T21:16:39.213+00:00,48.33724,1784322999169.17,1434,2,1,0.31364282411037525,-0.21038857250906876,0.23825820328468322,0.553200016080067,-0.5108522767303794,-0.46111936963211725,11.914098657943685,11.243666941752096,-0.33797854757434687,3.9257446472670763
2026-07-17T21:16:39.246+00:00,48.370771,1784322999202.511,1435,2,1,0.312532039914436,-0.21337953537490492,0.2402831878260902,0.5488858176553624,-0.5037643979450864,-0.4937714509024179,10.83874971527686,10.812247099281635,0.3708093309549465,0.6605365202370095
2026-07-17T21:16:39.280+00:00,48.403745,1784322999235.852,1436,2,1,0.303941414710476,-0.22008111741929656,0.24115120746823876,0.5380827134051437,-0.505307482061528,-0.4931588079719314,9.761068614343642,9.731936674259767,0.2165009193107914,0.7218008132856613
2026-07-17T21:16:39.312+00:00,48.437237,1784322999269.194,1437,2,1,0.29037571298522924,-0.21345615275887037,0.22636418126431654,0.5300786514162038,-0.49405473000504035,-0.5091552177828285,9.074315575408944,8.93153047536578,1.341776124959554,-0.8778401678040448
2026-07-17T21:16:39.345+00:00,48.471278,1784322999302.535,1438,2,1,0.29587527988165035,-0.1967687819774946,0.22232480597473797,0.5432337472706321,-0.48257222549068984,-0.513641382683064,10.628337105307827,10.24704006080861,2.4900265763946052,-1.3264566578276016
2026-07-17T21:16:39.379+00:00,48.503901,1784322999335.876,1439,2,1,0.2900229217569889,-0.18977068093585875,0.21347736163823738,0.5444670338353316,-0.4837870708771657,-0.48919599703019845,10.696010745538336,10.370368717278556,2.3685420377470177,1.1180819074589565
2026-07-17T21:16:39.414+00:00,48.538033,1784322999369.217,1440,2,1,0.29146021602076905,-0.2021017775277089,0.22249656550386945,0.5367591376693522,-0.4850266003701058,-0.5135049780188505,9.9455309279417,9.599579100680621,2.2445890884530084,-1.312816191406252
2026-07-17T21:16:39.446+00:00,48.571166,1784322999402.557,1441,2,1,0.29532189834637423,-0.20754795600870468,0.22673260768176168,0.5372798207478185,-0.49131924486277345,-0.5087458795554508,9.82160799558327,9.651647408527253,1.6153246391862441,-0.8369063450662795
2026-07-17T21:16:39.479+00:00,48.604522,1784322999435.897,1442,2,1,0.3016578530854431,-0.20073866978058763,0.22729828537588792,0.5461265584451251,-0.4884669219554056,-0.5080899993889988,10.73410977114744,10.536321178257912,1.9005569299230307,-0.7713183284210778
2026-07-17T21:16:39.512+00:00,48.636946,1784322999469.237,1443,2,1,0.3014842111175047,-0.2011014113947143,0.22669745014587847,0.5458176303608424,-0.4887433873705463,-0.5086823390704668,10.703346937942626,10.50542836982964,1.8729103884089604,-0.8305522965678769
2026-07-17T21:16:39.546+00:00,48.671198,1784322999502.577,1444,2,1,0.2930426292742169,-0.20184746428665104,0.22168140195527242,0.518555748011378,-0.5083552196715855,-0.5204050521313546,8.033409709090973,7.779240134883203,-0.08827284169495853,-2.002823602656656
2026-07-17T21:16:39.580+00:00,48.704371,1784322999535.917,1445,2,1,0.29354261592859965,-0.19427616582294582,0.21868702856452912,0.5425635257225672,-0.4795469398959238,-0.5175511564673918,10.694891697549346,10.180017906002114,2.792555135871211,-1.717434036260379
2026-07-17T21:16:39.613+00:00,48.737055,1784322999569.258,1446,2,1,0.30026519148502745,-0.19406245805949113,0.22699030748946322,0.5482214495150131,-0.48201143828641085,-0.5088277809700594,11.07561641357094,10.745810285246705,2.546105296822504,-0.8450964865271415
2026-07-17T21:16:39.645+00:00,48.770714,1784322999602.598,1447,2,1,0.2843186398281624,-0.19173002217979068,0.20790380878280693,0.53618018299522,-0.4736527160788452,-0.5290556543979121,10.521704051397986,9.541683633267395,3.381977517579071,-2.867883829312412
2026-07-17T21:16:39.678+00:00,48.803929,1784322999635.939,1448,2,1,0.29029089953521015,-0.2004055397747524,0.21998195260117037,0.536667746496005,-0.48317573049824725,-0.5161758823561969,10.018780856514212,9.590439983345899,2.4296760756388647,-1.5799066251408922
2026-07-17T21:16:39.713+00:00,48.837829,1784322999669.279,1449,2,1,0.28620243122643424,-0.20586084056414652,0.22092158902701364,0.5303898077865398,-0.4858368036923543,-0.5152458439466661,9.339214902156376,8.962646112399375,2.163568756228157,-1.4869027841878046
2026-07-17T21:16:39.745+00:00,48.871276,1784322999702.62,1450,2,1,0.2886100408092661,-0.20735997811254725,0.22420650728155528,0.5316277252356082,-0.4880634994341285,-0.511732430834855,9.360552463853294,9.086437857306217,1.940899182050737,-1.1355614730066965
2026-07-17T21:16:39.779+00:00,48.903629,1784322999735.96,1451,2,1,0.28352653826563023,-0.19218365067137713,0.20885147912406046,0.5379091798737229,-0.4831237706432775,-0.49429293676539554,10.033537109873103,9.714583321117686,2.43487206113584,0.6083879339392473
2026-07-17T21:16:39.812+00:00,48.937396,1784322999769.3,1452,2,1,0.2883728814040939,-0.19428855227646497,0.2147483052254922,0.5407144771927165,-0.48675981923088024,-0.4878431562827743,10.284131419403783,9.995113053017047,2.071267202375565,1.253365982201371
2026-07-17T21:16:39.845+00:00,48.97133,1784322999802.641,1453,2,1,0.2905276127629533,-0.19911697973226727,0.22093444596112025,0.5374760658401052,-0.4820990107972404,-0.5152753501471985,10.108971202774358,9.67127191775592,2.5373480457395514,-1.4898534042410483
2026-07-17T21:16:39.879+00:00,49.004338,1784322999835.981,1454,2,1,0.2782221716584825,-0.19842642565304425,0.20832378506468485,0.5275628655171796,-0.47644796657694244,-0.5287187006423169,9.643619664841264,8.679951885463355,3.1024524677693455,-2.834188453752884
2026-07-17T21:16:39.913+00:00,49.038013,1784322999869.322,1455,2,1,0.2900884272030313,-0.19907914267681331,0.22142233545348447,0.537096021447618,-0.48181318032144627,-0.5148212367754341,10.07324463979861,9.633267478507202,2.5659310933189627,-1.4444420670646108
2026-07-17T21:16:39.946+00:00,49.071084,1784322999902.661,1456,2,1,0.2787181564093874,-0.19808269672050013,0.2083159375091729,0.5281638002928639,-0.47639310334521545,-0.5287097867484728,9.699239595507208,8.74004536303179,3.107938790942044,-2.8332970643684785
2026-07-17T21:16:39.980+00:00,49.104193,1784322999936.001,1457,2,1,0.289294404619692,-0.2009806911805963,0.21849467976102172,0.5379605488512968,-0.49263981634681897,-0.48365856993327505,9.97336658971944,9.719720218875082,1.4832674907816923,1.6718246171512963
2026-07-17T21:16:40.012+00:00,49.137512,1784322999969.342,1458,2,1,0.2899198219505933,-0.20067518062480177,0.21864541985950955,0.5362588613121565,-0.4833316407566409,-0.5175194706224111,9.998022096830502,9.549551464961048,2.414085049799497,-1.714265451762309
2026-07-17T21:16:40.047+00:00,49.171355,1784323000002.682,1459,2,1,0.2927791919187216,-0.19242682445715825,0.21135321388946643,0.5430686891770277,-0.47813545224777876,-0.525003688245093,10.924068745714754,10.230534251448164,2.9337039006857135,-2.462687214030501
2026-07-17T21:16:40.079+00:00,49.204479,1784323000036.023,1460,2,1,0.28095085396080954,-0.19585752371607704,0.20374081403290986,0.5341413838969711,-0.4855282913029665,-0.4994185961703188,9.59266591449704,9.337803723442505,2.1944199951669408,0.09582199344692066
2026-07-17T21:16:40.113+00:00,49.238153,1784323000069.363,1461,2,1,0.2769029427704278,-0.19558872705938135,0.1994502513221279,0.528126471196201,-0.47402529464736837,-0.5377931432482338,10.075223087392896,8.736312453365503,3.344719660726753,-3.7416327143445782
2026-07-17T21:16:40.146+00:00,49.270697,1784323000102.704,1462,2,1,0.2972203068776388,-0.1953906349179919,0.21578325387033184,0.5453111178644447,-0.48254146152374366,-0.5201362942195297,10.928050915920073,10.454777120189874,2.493102973089223,-1.9759478114741658
2026-07-17T21:16:40.178+00:00,49.303927,1784323000136.044,1463,2,1,0.29792157313764556,-0.19511611681671934,0.21602443532955182,0.54604760851788,-0.48262796819772225,-0.5198617014949695,10.991672702103426,10.528426185533402,2.4844523056913648,-1.948488539018145
2026-07-17T21:16:40.213+00:00,49.337681,1784323000169.384,1464,2,1,0.2874146827331795,-0.18831801065115078,0.20153473399054983,0.543617634142418,-0.4824021152874111,-0.5013984531382446,10.587054333646488,10.285428747987202,2.507037596722478,-0.10216370334565905
